Workbook

Sheet New Search
B1: G. Basin specific searches | C1: (AND) Headline and Lead | D1: Basin_Specific_Terms | E1: BCODE | F1: Basin_Name | G1: RA Name | H1: Has search been completed and all files downloaded? (Y (15 July 2022) if through that date, or Y if through 1 July 2023/N/Issues) >>leave filtered N | I1: Has search for 15 July 2022 - 1 July 2023 been completed and all files downloaded and excel consolidated? (N/Y/Not needed) | J1: Has preliminary review been completed through 1 July 2023? (Y/N/Issues) | K1: Has preliminary review for additional search year of 15 July 2022 - 1 July 2023 been completed? (Y/N/Not Needed) | L1: Search Notes, Identify any issues | M1: =COUNTIF(H2:H315,"Y (15 July 2022)") -> 178
B2: 1 | C2: (AND) Headline and Lead | D2: Adige | E2: ADIG | F2: Adige | G2: Raunaq | H2: Y (15 July 2022) | I2: Y | J2: Y (15 July 2022) | K2: Y
B3: 2 | C3: (AND) Headline and Lead | D3: Akpa | E3: AKPA | F3: Akpa | G3: Raunaq | H3: Y (15 July 2022) | I3: Y | J3: Y (15 July 2022) | K3: Y
B4: 3 | C4: (AND) Headline and Lead | D4: Alakol | E4: ALKL | F4: Alakol | G4: Raunaq | H4: Y (15 July 2022) | I4: Y | J4: Y (15 July 2022) | K4: Y
B5: 4 | C5: (AND) Headline and Lead | D5: Alsek OR Bates Lake | E5: ALSK | F5: Alsek | G5: Raunaq | H5: Y (15 July 2022) | I5: Y | J5: Y (15 July 2022) | K5: Y
B6: 5 | C6: (AND) Headline and Lead | D6: Amacuro | E6: AMCR | F6: Amacuro | G6: Raunaq | H6: Y (15 July 2022) | I6: Y | J6: Y (15 July 2022) | K6: Y
B7: 6 | C7: (AND) Headline and Lead | D7: Amur OR Emur OR Huma OR Muling OR Naoli OR Songhua OR Amagun OR Argun OR Bikin OR Bureya OR CAPS(Dep) OR Gazimur OR Gilyuy OR Ingoda OR Kur OR Onon OR Oz. Chukchagirskoye OR Oz. Khanka OR Oz. Udyl' OR Shilka OR CAPS(Tok) OR Urmi OR Ussuri OR Zeya | E7: AMUR | F7: Amur | G7: Raunaq | H7: N | I7: Not Needed | J7: N | K7: Not Needed | L7: More than 10k results
B8: 7 | C8: (AND) Headline and Lead | D8: Amazon OR Apere OR Baures OR Beni OR Guapore OR Guapore Itenex OR Lago de San Luis OR Lago Rogaua OR Madidi OR CAPS(Paragua) OR Rapulo OR San Martin OR San Miguel OR CAPS(Secure) OR Yata OR Abacaxis OR Abuna OR Acalau OR Acarai OR CAPS(Agua) Pceta OR Ajuana OR Alalau OR Anama OR Anaua OR Andma OR Apiaca OR Apiau OR Apidia OR Araca OR Araua OR Arinos OR Aripuana OR Arracias OR Arrairas OR Bacaja OR Bau OR Bia OR Brea OR Buriti OR Cach.Do Tareraimbu OR Cachoeir da Bateria OR Cachoeira Caracarai OR Cachoeira das Sete Quadas OR Cachoeira de Rebojo OR Cachoeira do Desatre OR Cachoeira do Pimena OR Cachoeira dos Indios OR Cachoeira Grande OR Cachoeira Ipada OR Cachoeira Ipanore OR Cachoeira Maranhao Grande OR Cachoeira Mergulhao OR Caluene OR Camanaa OR Camarure OR Canuma OR Capucapu OR Carabinuni OR Carajari OR Catete OR Catrimani OR Cauaburi OR Caures OR Cautario OR Chiche OR Coari OR Cotingo OR Crarari OR Crepori OR Cuiaba OR Cuiani OR Culiseu OR Cura do Sal OR Curicariari OR Curiuau OR Curu OR Curua OR Curua Una OR Curuaes OR Curuca OR Daraa OR Demini OR Demiti OR Do Paulo OR Embari OR Embira OR Fagundes OR CAPS(Ferro) OR CAPS(Fresco) OR Gregorio OR CAPS(Ia) OR CAPS(Ica) OR Igara Parana OR Imabu OR Infari OR Ipixuna OR Iriri OR Iriri Novo OR Itacuai OR Itari OR Itata OR Itaxi OR Itiguira OR Jaa OR Jamanxim OR Jamari OR Jandiatuba OR Japura OR Jaraucu OR Jari OR Jaru OR Jatapa OR Jatoba OR Jau OR Jauaperi OR Jiparana OR Jotoba OR Juina OR Jurua OR Juruena OR Jutai OR Uberaba OR de Sapucua OR do Erepeca OR Gaibo OR Grande de Manacapuru OR Mandiore OR Lago Canacari OR Liberdade OR Madeira OR Madeirinha OR Maicara OR Majari OR Mamore OR Manicana Micu OR Manso OR Mapuera OR Marapi OR Marauia OR Marie OR Maues OR Moaco OR Mucajai OR Mucucuau OR Nhamunda OR Nivo OR Padauiri OR Papagaio OR CAPS(Para) OR Paranarta OR Pareis OR Paru de Oeste OR Pauini OR CAPS(Paz) OR Peixes OR Peixoto de Azevedo OR Pinhua OR Piratucu OR Preto OR CAPS(Puras) OR Purue OR Purus OR Riozinho OR Ronuro OR Rpresa da Balbina OR Sacuriuina OR Salao OR Sangue OR Sao Benedito OR Sao Lourenco OR Sao Tume OR Sauenina OR Saueruina OR Solimooes OR Soterio OR Steinen OR Sucanduri OR Suir Micu OR Suluene OR Suramu OR Surumu OR Tamitatoula OR Batovi OR Tanguro OR Tapajos OR Tapaua OR Tapera OR Taruaca OR Tauini OR CAPS(Tea) OR Tefe OR Teles Pires OR Sao Manuel OR Theodore Roosevelt OR Tocantins OR CAPS(Triunfo) OR Uatuma OR Uneiaxi OR Unini OR Uraca OR Uraricoera OR Uruba OR Urubaxi OR CAPS(Verde) OR Vveni OR Xeriuini OR Xie OR Xingu OR Xirua OR Yavare OR Ajaju OR Apaporis OR Caqueta OR Cuduyari OR Icana OR Isasna OR Papuri OR Quainia OR Raudal Yupurari OR Devil's Cataract OR Tiquie OR Traira OR Uaupes OR Yari OR Curaray OR Morona OR Cafuini OR Ireng OR Tacutu OR CAPS(Acre) OR Allto Purus OR Apurimac OR CAPS(Blanco) OR Chandless OR CAPS(Chili) OR Correntes OR Heath OR Huallaga OR Iaco OR Inambari OR Inuya OR Jarua OR Manu Madre de Dios OR Manuripi OR Maranon OR Moranon OR Napo OR Orton OR Pachitea OR Pampas OR Postaza OR Putumayo OR San Juan OR Santa Ana OR Santa Eulalia OR Santuario OR Sheshea OR Tamuya OR Tapiche OR CAPS(Tigre) OR Ucayali OR Urabamba OR Yavari OR Trombetas OR Biria OR Casiquiare OR Concorochite OR CAPS(Grande) OR CAPS(Negro) | E8: AMZN | F8: Amazon | G8: Molly | H8: N | I8: Not Needed | J8: N | K8: Not Needed | L8: More than 10k results
B9: 8 | C9: (AND) Headline and Lead | D9: An Nahr Al Kabir OR Nahr Ibrahim | E9: ANAK | F9: An Nahr Al Kabir | G9: Raunaq | H9: Y (15 July 2022) | I9: Y | J9: Y (15 July 2022) | K9: Y
B10: 9 | C10: (AND) Headline and Lead | D10: Angerman | E10: ANGE | F10: Angerman | G10: Raunaq | H10: Y (15 July 2022) | I10: Y | J10: Y (15 July 2022) | K10: Y
B11: 10 | C11: (AND) Headline and Lead | D11: Annole | E11: ANNL | F11: Annole | G11: Rachel | H11: N | I11: Not Needed | J11: N | K11: Not Needed | L11: No Results
B12: 11 | C12: (AND) Headline and Lead | D12: Aral OR Syr Daria OR Naryn OR Amu Daria OR Syr Darya OR Amu Darya OR Akhangaran OR Chirchik | E12: ARAL | F12: Aral Sea | G12: Molly | H12: Y (15 July 2022) | I12: Y | J12: Y | K12: Y
B13: 12 | C13: (AND) Headline and Lead | D13: Asi OR Orontes OR Amik Golu | E13: ASIX | F13: Asi/Orontes | G13: Molly | H13: Y (15 July 2022) | I13: Y | J13: N | K13: N
B14: 13 | C14: (AND) Headline and Lead | D14: Artibonite OR Depeligre | E14: ATBN | F14: Artibonite | G14: Raunaq | H14: Y (15 July 2022) | I14: Y | J14: Y (15 July 2022) | K14: N
B15: 14 | C15: (AND) Headline and Lead | D15: Astara Chay | E15: ATCY | F15: Astara Chay | G15: Raunaq | H15: Y (15 July 2022) | I15: Y | J15: Y (15 July 2022) | K15: N
B16: 15 | C16: (AND) Headline and Lead | D16: Atrak OR Sumber | E16: ATRK | F16: Atrak | G16: Raunaq | H16: Y (15 July 2022) | I16: Y | J16: Y (15 July 2022) | K16: N
B17: 16 | C17: (AND) Headline and Lead | D17: Aviles | E17: AVLS | F17: Aviles | G17: Raunaq | H17: Y (15 July 2022) | I17: Y | J17: Y (15 July 2022) | K17: N
B18: 17 | C18: (AND) Headline and Lead | D18: Abhe Bid Hayak OR Awash OR Finochaa OR Gemeri Hayak OR Petit Akabi OR Sendafa | E18: AWSH | F18: Awash | G18: Molly | H18: Y (15 July 2022) | I18: Y | J18: N | K18: N
B19: 18 | C19: (AND) Headline and Lead | D19: Aysen | E19: AYSN | F19: Aysen | G19: Raunaq | H19: Y (15 July 2022) | I19: Y | J19: Y (15 July 2022) | K19: N
B20: 19 | C20: (AND) Headline and Lead | D20: Baker OR Cochrane | E20: BAKR | F20: Baker | G20: Raunaq | H20: N | I20: Not Needed | J20: N | K20: Not Needed | L20: More than 10k results
B21: 20 | C21: (AND) Headline and Lead | D21: Bann OR CAPS(Black Water) OR Laugh Neagh OR CAPS(Lower Laugh) Erine | E21: BANN | F21: Bann | G21: Molly | H21: Y | I21: Not Needed | J21: N | K21: Not Needed
B22: 21 | C22: (AND) Headline and Lead | D22: Bahr at Tubat | E22: BATU | F22: Bahr at Tubat | G22: Raunaq | H22: Y (15 July 2022) | I22: Y | J22: Y (15 July 2022) | K22: N
B23: 22 | C23: (AND) Headline and Lead | D23: Bidasoa | E23: BDSO | F23: Bidasoa | G23: Raunaq | H23: Y (15 July 2022) | I23: Y | J23: Y (15 July 2022) | K23: N
B24: 23 | C24: (AND) Headline and Lead | D24: Benito OR Ntem | E24: BENT | F24: Benito/Ntem | G24: Raunaq | H24: N | I24: Not Needed | J24: N | K24: Not Needed
B25: 24 | C25: (AND) Headline and Lead | D25: Bia | E25: BIAX | F25: Bia | G25: Molly | H25: Y (15 July 2022) | I25: Y | J25: N | K25: N
B26: 25 | C26: (AND) Headline and Lead | D26: Beilun | E26: BLUN | F26: Beilun | G26: Raunaq | H26: Y (15 July 2022) | I26: Y | J26: Y (15 July 2022) | K26: N
B27: 26 | C27: (AND) Headline and Lead | D27: Belize OR Mopan | E27: BLZE | F27: Belize | G27: Molly | H27: Y | I27: Not Needed | J27: N | K27: Not Needed
B28: 27 | C28: (AND) Headline and Lead | D28: Bangau | E28: BNGU | F28: Bangau | G28: Raunaq | H28: Y (15 July 2022) | I28: Y | J28: Y (15 July 2022) | K28: N
B29: 28 | C29: (AND) Headline and Lead | D29: Oued Bou Namoussa | E29: BNSA | F29: Oued Bou Namoussa | G29: Raunaq | H29: Y (15 July 2022) | I29: Y | J29: Y (15 July 2022) | K29: N
B30: 29 | C30: (AND) Headline and Lead | D30: Berbyelva | E30: BRBY | F30: Berbyelva | G30: Raunaq | H30: Y (15 July 2022) | I30: Y | J30: N | K30: N | L30: No results
B31: 30 | C31: (AND) Headline and Lead | D31: Baraka | E31: BRKA | F31: Baraka | G31: Raunaq | H31: Y (15 July 2022) | I31: Y | J31: N | K31: N
B32: 31 | C32: (AND) Headline and Lead | D32: Barima | E32: BRMA | F32: Barima | G32: Raunaq | H32: Y (15 July 2022) | I32: Y | J32: N | K32: N
B33: 32 | C33: (AND) Headline and Lead | D33: Barta | E33: BRTA | F33: Barta | G33: Raunaq | H33: Y (15 July 2022) | I33: Y | J33: N | K33: N
B34: 33 | C34: (AND) Headline and Lead | D34: Buzi OR Rio Revue OR Chibudzana OR Nyanhombo OR CAPS(Rio) OR Sterkstroom | E34: BUZI | F34: Buzi | G34: Molly | H34: N | I34: Not Needed | J34: N | K34: Not Needed | L34: More than 10k results
B35: 34 | C35: (AND) Headline and Lead | D35: Caetani | E35: CAET | F35: Caetani | G35: Raunaq | H35: Y (15 July 2022) | I35: Y | J35: N | K35: N
B36: 35 | C36: (AND) Headline and Lead | D36: Ca OR Song Lam | E36: CAXX | F36: Ca/Song Lam | G36: Raunaq | H36: N | I36: Not Needed | J36: N | K36: Not Needed | L36: More than 10k results
B37: 36 | C37: (AND) Headline and Lead | D37: Candelaria | E37: CDLR | F37: Candelaria | G37: Raunaq | H37: Y (15 July 2022) | I37: Y | J37: N | K37: N
B38: 37 | C38: (AND) Headline and Lead | D38: Changuinola | E38: CGNL | F38: Changuinola | G38: Raunaq | H38: Y (15 July 2022) | I38: Y | J38: N | K38: N
B39: 38 | C39: (AND) Headline and Lead | D39: Carmen Silva OR Chico | E39: CHIC | F39: Carmen Silva/Chico | G39: Raunaq | H39: Y (15 July 2022) | I39: Y | J39: N | K39: N
B40: 39 | C40: (AND) Headline and Lead | D40: Chira | E40: CHIR | F40: Chira | G40: Raunaq | H40: Y (15 July 2022) | I40: Y | J40: N | K40: N
B41: 40 | C41: (AND) Headline and Lead | D41: Choluteca | E41: CHLT | F41: Choluteca | G41: Raunaq | H41: Y (15 July 2022) | I41: Y | J41: N | K41: N
B42: 41 | C42: (AND) Headline and Lead | D42: Chuy | E42: CHUY | F42: Chuy | G42: Raunaq | H42: Y (15 July 2022) | I42: Y | J42: N | K42: N
B43: 42 | C43: (AND) Headline and Lead | D43: Colorado OR CAPS(Alamo Lake) OR Alamosa OR Bartlett OR CAPS(Big) Sundy OR Bill Williams OR CAPS(Bitter Creek) OR CAPS(Blue Mesa Reservior) OR Bouse OR Bug Chino OR CAPS(Bullfrog) OR CAPS(Burro) Creek OR Canon Largo OR Chaco Chinle OR CAPS(Cherry Creek) OR Colorado OR CAPS(Comb) OR CAPS(Conejos) OR CAPS(Cottonwood) OR Crtstal OR CAPS(Dad Clark Gulch) OR CAPS(Dirty Devil) OR Dolores OR Duchesne OR Schwacheim Creek OR CAPS(East Bitter Creek) OR CAPS(East Verde) OR Escalante OR Florida OR Fremont OR Gannison OR Gila OR CAPS(Green) OR Halls Creek OR Hassayampu OR Imperial Reservior OR Kanab Creek OR Lake Havase OR Lake Mead OR Lake Mohave OR Lake Powell OR CAPS(Los Pinos) OR Mancos OR CAPS(Moon Lake) OR CAPS(Muddy Creek) OR Navajo Reservior OR OR CAPS(Nine Mile Creek) OR CAPS(Oak Creek) OR Paria OR Piceance Creek OR Pinon Canyon Arroyo OR CAPS(Price) OR Purgatoire OR Roan Creek OR Roaring Fork OR Rock Creek OR Sacramento OR San Juan OR San Miguel OR San Rafael OR Santa Maria OR Senac Creek OR Show Low Creek OR Stinking Lake OR Strawberry Reservior OR CAPS(Taylor) OR Trout Creek OR Uinta OR Uncompahagre OR OR West Toll Gate Creek OR OR CAPS(Willow Creek) OR CAPS(Yellow Creek) | E43: CLDO | F43: Colorado | G43: Molly | H43: N | I43: Not Needed | J43: N | K43: Not Needed | L43: More than 10k results
B44: 43 | C44: (AND) Headline and Lead | D44: Chilkat | E44: CLKT | F44: Chilkat | G44: Raunaq | H44: Y (15 July 2022) | I44: Y | J44: N | K44: N
B45: 44 | C45: (AND) Headline and Lead | D45: Columbia OR Christina Lake OR Clolumbia OR Columbia Lake OR CAPS(Cranberry) OR Duncan Lake OR CAPS(Dutch) OR Findlay OR CAPS(Fry) OR CAPS(Goat) OR Hosethief OR Kootenay OR Kootenay Lake OR Lardean OR Lower Arrow Lake OR Skaha Lake OR Slocan Lake OR Upper Arrow Lake OR Whiteswan Lake OR Windermere Lake OR Banks Lake OR Bunt OR Burrell OR Butter OR Chewuch OR CAPS(Crab) OR CAPS(Crater) OR CAPS(Crooked) OR Deschutes OR Grandy OR Imnaha OR Jon Day OR Joseph Cr OR Kalama OR Klickitat OR Lake Chelan OR Lake Owyhee OR Lake Pend Ireukke OR CAPS(Billy Chinook) OR Little Crater Creek OR Little Malheur OR Lostine OR Lower Willow Creek OR Malheur OR McKenzie OR Meadow Creek OR Methow OR Middle Creek OR CAPS(Middle Fork) OR Minam OR CAPS(Mine Creek) OR Moses Lake OR N Fork Sanpoil OR N Fork Jon Day OR North Fork OR North Fork Sugar Creek OR North Santiam OR North Sugar Creek OR Ochoco Lkae OR Okanogan OR Omak Lake OR Osoyoos Lake OR Owyhee OR Palouse OR Pend Oreille OR Pleasany Creek OR Pole Creek OR Potholes OR Potlatch OR CAPS(Powder) OR Prineville OR CAPS(Rock) OR Roosevelt Lake OR Rufus Woods Lake OR CAPS(Salmon) OR Sanpoil OR CAPS(Snake) OR South Santiam OR St. Joe OR St. Maries OR Troublesome Creek OR Trout Creek OR Tumalo OR Turkey Creek OR Umatilla OR Ute Creek OR Wala Wala OR Wallowa OR Wallowa Lake OR CAPS(Warm Springs) OR Wenaha OR West Little Owyhee OR Willamette OR Williams Fork OR Willow Creek OR Yakima | E45: CLMB | F45: Columbia | G45: Rachel | H45: N | I45: Not Needed | J45: N | K45: Not Needed
B46: 45 | C46: (AND) Headline and Lead | D46: Chiloango | E46: CLNG | F46: Chiloango | G46: Raunaq | H46: Y (15 July 2022) | I46: Y | J46: N | K46: N | L46: no results
B47: 46 | C47: (AND) Headline and Lead | D47: Cancoso OR Lauca OR Lagoon de Coipasa | E47: CNCS | F47: Cancoso/Lauca | G47: Raunaq | H47: Y (15 July 2022) | I47: Y | J47: N | K47: N
B48: 47 | C48: (AND) Headline and Lead | D48: Connecticut | E48: CNCT | F48: Connecticut | G48: Raunaq | H48: N | I48: Not Needed | J48: N | K48: Not Needed | L48: More than 10k results
B49: 48 | C49: (AND) Headline and Lead | D49: Congo OR Zaire OR Cambo OR Chiumbe OR Cuilo OR Luangue OR Lui OR Uamba OR Borodo OR Chinko OR Kotto OR Lim OR Lobaya OR Mambere OR Mbali OR Mbari OR Mpoko OR Ouaka OR Ouarra OR Pama OR Bek OR Boumba OR Boumbe II OR Dja OR Doume OR Kadei OR Aka OR Aruwimi OR Asa OR Bakali OR Bilati OR Bili OR Bima OR Bolmobo OR Bomu OR Bushmaie OR Bwere OR Chicapa OR Damu OR Dengu OR Dua OR Dungu OR Duru OR Ebola OR Elila OR Fimi OR Gada OR Gangu OR Garamga OR Giri OR Gurba OR Gwane OR Ibina OR Ikelemba OR Inzia OR Itimbiti OR Ituri OR Kama OR Kaongesh OR Kapili OR Kasai OR Cassai OR Kibali OR Kwango OR Cuango OR Kwenge OR Kwilu OR Lac de Retenue OR Lac Mai Ndombe OR Lac Ntomba OR LacUpembo OR Lake Mweru OR Lenda OR Likati OR Lindi OR Loange OR Loile OR Lokolo OR Lokoro OR Lomako OR Lomami OR Lomlera OR Lopori OR Lovua OR Luachimo OR Lualaba OR Luama OR Lubadi OR Lubefu OR Lubi OR Lubilash OR Lubudi OR Lubue OR Lubuero OR Luembe OR Lueo OR Lueob OR Lueta OR Lufira OR Luilaka OR Luilu OR Luizi OR Lukashi OR Lukeni OR Lukuga OR Lukunga OR Lulonga OR Lulua OR Lupweji OR Lushiko OR Lutshima OR Luvidjo OR Luvua OR Maiko OR Maringa OR Momboyo OR Mongala OR Nagaya OR Nava OR Nepoko OR Nzoro OR CAPS(Oso) OR Pool Malebo OR Rubi OR Ruki Bushira OR Salonga OR Sankuru OR Shiuapa OR Tele OR Tshopo OR Ubangi OR Oubngai OR Uele OR Uere OR Ulindi OR Wamba OR Yenge OR Alima OR Djoue OR Elia OR Ibenga OR Kandeko OR Kouyou OR Lefini OR Lengoue OR Likouala OR Likuala OR Lowa OR Lugulu OR Mambili OR Opa OR Motaba OR Ngoko OR N'keni OR Oubangi OR Ubungi OR Sangha OR Lake Bangweula OR Lake Mweru Luapula OR Luapula | E49: CNGO | F49: Congo/Zaire | G49: Molly | H49: N | I49: Not Needed | J49: N | K49: Not Needed | L49: More than 10k results
B50: 49 | C50: (AND) Headline and Lead | D50: CAPS(Coco) OR Segovia OR Amaka OR Bocay OR Waspuk | E50: COCO | F50: Coco/Segovia | G50: Molly | H50: Y | I50: Not Needed | J50: N | K50: Not Needed
B51: 50 | C51: (AND) Headline and Lead | D51: Comau | E51: COMA | F51: Comau | G51: Raunaq | H51: Y (15 July 2022) | I51: Y | J51: N | K51: N
B52: 51 | C52: (AND) Headline and Lead | D52: CAPS(Copper) | E52: COPR | F52: Copper | G52: Molly | H52: Y | I52: Not Needed | J52: N | K52: Not Needed | L52: More than 10k results
B53: 52 | C53: (AND) Headline and Lead | D53: CAPS(Cross) | E53: CROS | F53: Cross | G53: Raunaq | H53: N | I53: Not Needed | J53: N | K53: Not Needed | L53: More than 10k results
B54: 53 | C54: (AND) Headline and Lead | D54: Corantijn OR Courantyne | E54: CRTY | F54: Corantijn/Courantyne | G54: Raunaq | H54: Y (15 July 2022) | I54: Y | J54: N | K54: N | L54: no results
B55: 54 | C55: (AND) Headline and Lead | D55: Coruh | E55: CRUH | F55: Coruh | G55: Raunaq | H55: Y (15 July 2022) | I55: Y | J55: N | K55: N
B56: 55 | C56: (AND) Headline and Lead | D56: Castletown | E56: CSTL | F56: Castletown | G56: Raunaq | H56: Y (15 July 2022) | I56: Y | J56: N | K56: N
B57: 56 | C57: (AND) Headline and Lead | D57: Cestos OR Nuon | E57: CSTO | F57: Cestos | G57: Raunaq | H57: Y (15 July 2022) | I57: Y | J57: N | K57: N
B58: 57 | C58: (AND) Headline and Lead | D58: Coatan Achute | E58: CTAT | F58: Coatan Achute | G58: Raunaq | H58: Y (15 July 2022) | I58: Y | J58: N | K58: N | L58: No results
B59: 58 | C59: (AND) Headline and Lead | D59: Cetina | E59: CTNA | F59: Cetina | G59: Raunaq | H59: Y (15 July 2022) | I59: Y | J59: N | K59: N
B60: 59 | C60: (AND) Headline and Lead | D60: Catatumbo | E60: CTTB | F60: Catatumbo | G60: Raunaq | H60: Y (15 July 2022) | I60: Y | J60: N | K60: N
B61: 60 | C61: (AND) Headline and Lead | D61: Cullen | E61: CULL | F61: Cullen | G61: Raunaq | H61: N | I61: Not Needed | J61: N | K61: Not Needed
B62: 61 | C62: (AND) Headline and Lead | D62: Cavally OR Dube | E62: CVLY | F62: Cavally | G62: Raunaq | H62: N | I62: Not Needed | J62: N | K62: Not Needed
B63: 62 | C63: (AND) Headline and Lead | D63: Corovode OR Flog OR Prishte OR Almbach OR Attersee OR Danube OR Donau OR Drau OR Enns OR Fischa OR Freibach OR Glan OR Gurk OR Hollersbach OR Ill OR Kamp OR Lutz OR Moell OR Mur OR Murz OR Naarn OR Otzaler Ache OR Piesting OR Salza OR Steyr OR Stubache OR Traisen OR Traun OR Traunsee OR Wagrainer Ache OR Worther See OR Ybbs OR Zamser Bach OR Zemm OR Ziller OR Dabnika OR Dere OR Iskar OR Iskur OR Lajenska bara OR Lom OR Lomoashko dere OR Ogosta OR Osum OR Rositsa OR Skut OR Tuchenishka reka OR Vit OR Yantra OR Yazovir A. Stamboliyski OR Yazovir Iskur OR Drinjaca OR Musnica OR Vrba OR Jihlava OR Morava OR Jihalva OR Markovka OR Sveceny potok OR Svratka OR Amper OR Asenbach OR Breg OR Brigach OR Chamb OR Chiem see OR Forvven see OR Glonn OR Gunz OR Iller OR Ilz OR Isar OR Lech OR Naab OR Paar OR Riss OR Rot OR Rott OR Rottach OR Salzach OR Vils OR Walchen see OR Wertach OR Zusam OR Bednja OR Karasica OR Vuka OR Balaton OR Ipoly OR Kapos OR Koppany OR Koros OR Lajta OR Leitha OR Marcal OR Raba OR Sarviz sio OR CAPS(Sio) OR Szaraz Er OR Velencei To OR CAPS(Inn) OR Spol OR Ialpag OR Amaradia OR Arges OR Bahluet OR Bahlui OR Barzava OR Basca mare OR Baseul OR Batul OR Bega OR Belareca OR Berheci OR Bicaz OR Birlad OR Bistra OR Bistrita OR Bistrita Ardealului OR Bizaya OR Borcea OR Brarul Salina OR Bratul Chilia OR Bratul Sfintu Gheorghe OR Buzau OR Calmatui OR Cerna OR Cernas OR Colentina OR Cotorca OR Cumpana OR Desnatui OR Dimbovita OR Doamnei OR Drincea OR Dunarea OR Gilort OR Gologan OR Gurguiata OR Ialomita OR Jijia OR Jiu OR Callarasi OR Lacal Brates OR Lacul Cabal OR Lacul Greaca OR Lacul Potelu OR Lacul Suhaia OR Lisova OR Moldova OR Mostistea OR Mostru OR Motru OR Mures OR Maros OR Neajlov OR Olanesti OR Olt OR Oltet OR Pereschiv OR Podriga OR Poganis OR Prahova OR Putna OR Raul Doamnei OR Rimna OR Rimnic OR Sebes OR Simila OR Sitna OR Suceave OR Teleorman OR Timis OR Tutova OR Valea Seaca OR Valsan OR Vedea OR Cierny Vah OR Dunaj OR Jablonianka OR Teplicka OR OR Drava OR Ipel OR Ipoli OR Hron OR Nitra OR Vah OR Cheremosh OR Ozero Kahul OR Ozero Katlabukh OR Ozero Kytay OR Ozero Yapuh OR Prut OR Siret OR Beli Rzav OR Beli Timok OR Binacka Morava OR Bosut OR Brzava OR Caras OR Cehotina OR Crni Radalj OR Detinja OR Drina OR Grliska Reka OR Ibar OR Jablanica OR Jadar OR Jasenica OR Juzna Morava OR Kolubara OR Krivaja OR Lim OR Lipovica OR Mlava OR Moravica OR Nisaua OR Pek OR Piva OR Raska OR Resava OR Sava OR Silinica OR Tamis OR Tamnava OR CAPS(Tara) OR Timok OR Tisa OR Toplica OR Uvac OR Velika Morava OR Zapadna Morava | E63: DANU | F63: Danube | G63: Molly | H63: N | I63: Not Needed | J63: N | K63: Not Needed | L63: More than 10k results
B64: 63 | C64: (AND) Headline and Lead | D64: Daoura | E64: DAUR | F64: Daoura | G64: Rachel | H64: Y (15 July 2022) | I64: N | J64: N | K64: N
B65: 64 | C65: (AND) Headline and Lead | D65: Digul | E65: DIGL | F65: Digul | G65: Rachel | H65: Y (15 July 2022) | I65: N | J65: N | K65: N
B66: 65 | C66: (AND) Headline and Lead | D66: Dnieper OR Byarezina OR Pinsk Marshes OR Ptsich OR Sozh OR Iput' OR Desna OR Dniepr OR Horyn' OR Inhulets OR Kremenchats'ke Vdskh OR Prypyats' OR Ps'ol OR Seym OR Sluch OR Snov OR Stokhid OR Styr OR Sula OR Uzh OR Vopskla OR | E66: DNPR | F66: Dnieper | G66: Molly | H66: N | I66: Not Needed | J66: N | K66: Not Needed
B67: 66 | C67: (AND) Headline and Lead | D67: Dniester OR Dniestr OR Seret | E67: DNSR | F67: Dniester | G67: Rachel | H67: Y (15 July 2022) | I67: N | J67: N | K67: N
B68: 67 | C68: (AND) Headline and Lead | D68: CAPS(Don) OR Kalaus OR Khoper OR Medreditsa OR Oskol OR Oz Manych Gudilo OR Sal OR Sir. Donets OR Sosna OR Tsimlyanskoye Vdkhr OR Vorona OR Voronezh | E68: DONX | F68: Don | G68: Raunaq | H68: N | I68: Not Needed | J68: N | K68: Not Needed | L68: More than 10k results
B69: 68 | C69: (AND) Headline and Lead | D69: Dragonja | E69: DRAG | F69: Dragonja | G69: Rachel | H69: Y (15 July 2022) | I69: N | J69: N | K69: N
B70: 69 | C70: (AND) Headline and Lead | D70: Dra OR Qued Zemoul OR Qued Dades | E70: DRAX | F70: Dra | G70: Rachel | H70: Y (15 July 2022) | I70: N | J70: N | K70: N
B71: 70 | C71: (AND) Headline and Lead | D71: Cemerice OR Drin OR Drinizi OR Fshat OR Gjemon OR Gjonc OR Kamenice OR Kasaj OR Lavdan OR Leminot OR Markez OR Ohridsko Jezero OR Lake Ohrid OR Prifte OR Sopale OR Teqese OR T'plan OR Tropoje OR Verlen OR Zberga OR Beli Drim OR Pecska Bistrica | E71: DRIN | F71: Drin | G71: Raunaq | H71: N | I71: Not Needed | J71: N | K71: Not Needed
B72: 71 | C72: (AND) Headline and Lead | D72: Dasht | E72: DSHT | F72: Dasht | G72: Rachel | H72: Y (15 July 2022) | I72: N | J72: N | K72: N
B73: 72 | C73: (AND) Headline and Lead | D73: Drysa OR Dzirina Zakh OR Dzisna OR Voz Drysvyaty OR Voz Snudy OR Levuo OR Aiviekeste OR Berze OR Daugava OR Lecaba OR Lielupe OR Lubanas Ezers OR Lucava OR Maita OR Memele OR Misa OR Musa OR Ogre OR Pededze OR Reznas Ezers OR Rusonu Ezers OR Sivera Ezers OR Svete | E73: DUGV | F73: Daugava | G73: Molly | H73: Y | I73: Not Needed | J73: N | K73: Not Needed
B74: 73 | C74: (AND) Headline and Lead | D74: Adaja OR Aliste OR Bembezar OR Bibey OR Cea OR Cega OR Duero OR Embalse de Saucelle OR Embalse de Barropis de Luna OR Embalse De Linares OR Embalse de Richobayo OR Embalse de santa Teresa OR Embalse del Agueda OR Embalse de Almendra OR Embalse de Burgomillodo OR Embalse de la Cuerda del pozo OR Eresma OR Eria OR Esgueva OR Esla OR Espartero OR Guarena OR Huebra OR Largo de Sanabria OR Mourela OR Orbigo OR Porma OR Retortillo OR San Miguel OR Sequillo OR Tera OR Torio OR Tormes OR Travancos OR Valderaduey OR Valdesirgas OR Yeltes OR Agueda OR Arcosso OR Cabrum OR Cavado OR Coa OR Douro OR Embalse alse de Saucelle OR Embalse de Aldeadavila OR Paiva OR Rabacal OR Rabagao OR CAPS(Sabor) OR CAPS(Sabroso) OR CAPS(Seco) OR CAPS(Sordo) OR Tamega OR Tavora OR Tua OR Tuela OR Varosa | E74: DURO | F74: Douro/Duero | G74: Raunaq | H74: N | I74: Not Needed | J74: N | K74: Not Needed | L74: More than 10k results
B75: 74 | C75: (AND) Headline and Lead | D75: CAPS(Aguas Limpias) OR Al canadre OR Ara OR Aragon OR Arba OR Arga OR Barranco El Grado OR Bergantes OR Cinca OR Ebro OR Embalse de Santolea OR Embalse de Sotonera OR Embalse de Canelles OR Embalse de Mediano OR Embalse de Santa Anna OR Embalse de Talarn OR Embalse de Yesa OR Embalse de Mequinenza OR Esca OR Escarra OR Esera OR Espot OR Gallego OR Guadalope OR Huerva OR Irati OR Jalon OR Jiloca OR Lago Arriel OR Martcn OR Noguera Pallaresa OR Noguera Ribagorzana OR Panta de Riva-roga OR Peguera OR Pineta OR Riguel OR Segre OR Somero OR Urdiceto | E75: EBRO | F75: Ebro | G75: Raunaq | H75: N | I75: Not Needed | J75: N | K75: Not Needed
B76: 75 | C76: (AND) Headline and Lead | D76: Elbe OR Bilina OR Moricuv potok OR Mze OR Odrava OR Ohre OR Ploucnice OR Radbuza OR Tepla OR Aland OR Alster OR Biese OR Bleiloch Talsperre OR Bode OR Do sse OR Dumme OR Ehle OR Fiener Bruch OR Fuhne OR Havel OR Ilm OR Jeetzel OR Kalte Bode OR Milde OR Mulde OR Rappbode OR Saale OR Schaal see OR Schilde OR Schwarze Elster OR Selke OR Stepenitz OR Stor OR Sude OR Uchte OR Wipper OR Zillierbach | E76: ELBE | F76: Elbe | G76: Raunaq | H76: N | I76: Not Needed | J76: N | K76: Not Needed
B77: 76 | C77: (AND) Headline and Lead | D77: Elancik | E77: ELNK | F77: Elancik | G77: Rachel | H77: N | I77: Not Needed | J77: N | K77: Not Needed | L77: No Results
B78: 77 | C78: (AND) Headline and Lead | D78: Erne OR Lower Lough Erne OR Upper Lough Erne | E78: ERNE | F78: Erne | G78: Rachel | H78: Y (15 July 2022) | I78: N | J78: N | K78: N
B79: 78 | C79: (AND) Headline and Lead | D79: Essequibo OR Burro-Burro OR Illiwa OR Kwitaro OR Mazarani OR Mazaruni OR Rupununi OR Siaruni OR Takutu OR Tacuta OR Cuyuni | E79: ESQB | F79: Essequibo | G79: Rachel | H79: Y (15 July 2022) | I79: N | J79: N | K79: N
B80: 79 | C80: (AND) Headline and Lead | D80: Cuvelai OR Etosha | E80: ETOS | F80: Cuvelai/Etosha | G80: Rachel | H80: Y (15 July 2022) | I80: N | J80: N | K80: N
B81: 80 | C81: (AND) Headline and Lead | D81: Fane | E81: FANE | F81: Fane | G81: Rachel | H81: Y (15 July 2022) | I81: N | J81: N | K81: N
B82: 81 | C82: (AND) Headline and Lead | D82: CAPS(Flurry) | E82: FLRY | F82: Flurry | G82: Molly | H82: Y | I82: Not Needed | J82: N | K82: Not Needed
B83: 82 | C83: (AND) Headline and Lead | D83: CAPS(Fly) | E83: FLYX | F83: Fly | G83: Molly | H83: Y | I83: Not Needed | J83: N | K83: Not Needed
B84: 83 | C84: (AND) Headline and Lead | D84: Fenney | E84: FNNY | F84: Fenney | G84: Rachel | H84: Y (15 July 2022) | I84: N | J84: N | K84: N
B85: 84 | C85: (AND) Headline and Lead | D85: Foyle | E85: FOYL | F85: Foyle | G85: Raunaq | H85: Y (15 July 2022) | I85: Y | J85: N | K85: N
B86: 85 | C86: (AND) Headline and Lead | D86: Fraser OR Adams OR Adams Lake OR Akie OR Baezaeko OR CAPS(Big Creek) OR CAPS(Blueberry) OR Bonaparte OR Bowron OR Cameron OR Canim Lake OR Carp Lake OR Chilcotin OR Chilko OR Chilko Lake OR Chillwack OR Chillwack Lake OR Crooked OR Doig OR CAPS(Driftwood) OR Eutsuk Lake OR Finlay OR Francois Lake OR Gamsby OR CAPS(Gardner Canal) OR CAPS(Graham) OR CAPS(Green) Lake OR CAPS(Halfway) OR Herrick OR CAPS(Horsefly) Lake OR Ingenika OR Kitlope OR Kwadacha OR Lillooet Lake OR Mabel Lake OR Maligne Lake OR Mc Gregor OR McLeod Lake OR Mesilinka OR Milligan Creek OR Murphy Lake OR Murtle Lake OR Nachako OR Nation OR Nazko OR Nechako OR Nechako Reservoir OR Nicola OR North Thomson OR Omineca OR Ootsa Lake OR Osilinka OR Ospika OR CAPS(Peace) OR Pinchi Lake OR CAPS(Pine) OR Quesnel OR Quesnel Lake OR CAPS(Salmon) OR Shuswap Lake OR Skagit OR Stuart OR Stuart Lake OR Takla Lake OR Taseko OR Testachuck Lake OR Thomson OR Tohtsa Lake OR Trenbleur Lake OR Tsacha Lake OR West Road OR Whit Sail | E86: FRSR | F86: Fraser | G86: Molly | H86: N | I86: Not Needed | J86: N | K86: Not Needed | L86: 10k+
B87: 86 | C87: (AND) Headline and Lead | D87: Firth OR Joe OR Mancha | E87: FRTH | F87: Firth | G87: Raunaq | H87: N | I87: Not Needed | J87: N | K87: Not Needed
B88: 87 | C88: (AND) Headline and Lead | D88: Gallegos OR CAPS(Chico) | E88: GALG | F88: Gallegos/Chico | G88: Raunaq | H88: N | I88: Not Needed | J88: N | K88: Not Needed
B89: 88 | C89: (AND) Headline and Lead | D89: Gambia OR Sandougou | E89: GAMB | F89: Gambia | G89: Raunaq | H89: N | I89: Not Needed | J89: N | K89: Not Needed
B90: 89 | C90: (AND) Headline and Lead | D90: Ganges OR Brahmaputra OR Meghna OR Jamuna OR Yarlung OR Raka OR Maquan OR Yi'ong OR Arunavati OR Baitha Nalla OR Banjari Nalla OR Barotha Nalla OR Basuki OR Betwa OR Bhat OR Bhima OR Bhudna Nalla OR Bora Nala OR Bori Nalla OR Bori OR Brah Maputra OR Buchaopa Nala OR Budhabudiani OR Chakar OR Chambal OR Chandrakeshar OR Deogud OR Dhu'sia Nalla OR Dibgrajheda OR Dihang OR Dongrakheda OR Erai OR Gamori OR Gandak OR Ganji OR Gej OR Ghaghara OR Ghod OR Ghunghutta OR Gomati OR CAPS(Human) OR Jamni OR Jhumka OR Jhura OR Kanoli OR Kans OR Ken OR Khakra Jore OR Khaprar Nalla OR Kharpara OR Kims Nalla OR Koop Nalla OR Kundan Nalla OR Lakheri OR Local Drain OR Manas OR Mandale OR Maska Nalla OR Mayurakshi OR Momanpura OR Moti Nalla OR Mutki OR Nagda Nalla OR Negri OR Pahuj OR Paras OR Paronch OR Pathrai OR Phon OR Pip Nalla OR Rajewasti OR Rohini OR Sagar Betwa OR Sajnam OR Sampna OR Saprar OR Sarda OR Shahjad OR Shetfal Nalla OR Sijar OR Sind OR Sindh Nalla OR Sindh Yamuna OR Son OR Songhua OR Subarnarekha OR Surhi OR Takli Kheda OR Tapti OR Tisla OR Uttari Stream OR Vel OR Yamuna OR Arun OR Karnali OR Sapt Kosi OR Sun Kosi OR Tamur | E90: GANG | F90: Ganges-Brahmaputra-Meghna | G90: Raunaq | H90: N | I90: Not Needed | J90: N | K90: Not Needed
B91: 90 | C91: (AND) Headline and Lead | D91: Gash | E91: GASH | F91: Gash | G91: Raunaq | H91: N | I91: Not Needed | J91: N | K91: Not Needed
B92: 91 | C92: (AND) Headline and Lead | D92: Geba OR Corubal OR Kayanga | E92: GEBA | F92: Geba-Corubal | G92: Rachel | H92: Y (15 July 2022) | I92: N | J92: N | K92: N
B93: 92 | C93: (AND) Headline and Lead | D93: Grijalva OR Grijalva OR CAPS(Azul) | E93: GJLV | F93: Grijalva | G93: Raunaq | H93: N | I93: Not Needed | J93: N | K93: Not Needed
B94: 93 | C94: (AND) Headline and Lead | D94: Glama | E94: GLAM | F94: Glama | G94: Rachel | H94: Y (15 July 2022) | I94: N | J94: N | K94: N
B95: 94 | C95: (AND) Headline and Lead | D95: Galana | E95: GLNA | F95: Galana | G95: Rachel | H95: Y (15 July 2022) | I95: N | J95: N | K95: N
B96: 95 | C96: (AND) Headline and Lead | D96: Golok | E96: GLOK | F96: Golok | G96: Rachel | H96: Y (15 July 2022) | I96: N | J96: N | K96: N
B97: 96 | C97: (AND) Headline and Lead | D97: Goascoran | E97: GOSR | F97: Goascoran | G97: Rachel | H97: Y (15 July 2022) | I97: N | J97: N | K97: N
B98: 97 | C98: (AND) Headline and Lead | D98: Affluent du Lot OR Agout OR Alrance OR Ariege OR Arrats OR Aveyron OR Bage OR Baise OR Ceret OR Cerou OR Dadou OR Dourdou OR Dropt OR Garonne OR Gelise OR Gers OR Gesse OR Gimone OR Labenede OR Lezert OR Lot OR Osse OR Save OR Tarn OR Tolerme OR CAPS(Touch) OR Truel OR Truyere OR Valescure OR Vebre OR Viaur OR Vioulou OR Ardila OR Campilhas OR Chanca OR Cobres OR Dogeba OR Odivelas OR Roxo OR Vale Diogo OR Vascao OR Xarrama | E98: GRON | F98: Garonne | G98: Molly | H98: N | I98: Not Needed | J98: N | K98: Not Needed | L98: 10k+
B99: 98 | C99: (AND) Headline and Lead | D99: Gruzskiy Yelanchik | E99: GRYE | F99: Gruzskiy Yelanchik | G99: Rachel | H99: N | I99: Not Needed | J99: N | K99: Not Needed | L99: No Results
B100: 99 | C100: (AND) Headline and Lead | D100: CAPS(Great) Scarcies | E100: GSCR | F100: Great Scarcies | G100: Molly | H100: N | I100: Not Needed | J100: N | K100: Not Needed
...

Sheet Automation Prepping
A1: BCODE | B1: Basin_Name | C1: RA Name | D1: Has search been completed and all files downloaded? (Y (15 July 2022) if through that date, or Y if through 1 July 2023/N/Issues) >>leave filtered N | E1: Additional Status Sheet Needs Either (1 July 2023 - 15 March 2024) or (15 July 2022 - 15 March 2024) | F1: Has the process sheet for the Excel download been completed? (Need Add to 2024/Y if sheet through 15 March 2024)/in progress) Index (start at 0), basin name, start and end date - the rest can be left blank) | G1: File Name (BCODE_excel.xlsx) (paste in the Automation >> Status Sheets Folder) | H1: Has the process sheet been completed for the pdf download? (Y/N/in progress) | I1: Paste the URL of the Full Search
A2: ADIG | B2: Adige | D2: Y (1 July 2023) | E2: 1 July 2023 - 15 March 2024 | F2: Y | G2: ADIG_excel.xlsx | H2: Y | I2: https://advance-lexis-com.ezproxy.library.tufts.edu/search/?pdmfid=1516831&crid=fec62cbd-b7b8-4d21-88a4-2032ad75d6b3&pdpsf=&pdpost=&pdstartin=urn%3Ahlct%3A16&pdsearchterms=hlead(*water*+OR+river*+OR+lake+OR+dam+OR+stream+OR+tributary+OR+diversion+OR+irrigation+OR+pollution+OR+water+quality+OR+flood!+OR+drought!+OR+channel+OR+canal+OR+hydroelect!+OR+reservoir+OR+groundwater+OR+aquifer+OR+drought+OR+recharge+OR+%22water+table%22+OR+%22bore+hole%22)+and+hlead(treaty+OR+agree!+OR+negotiat!+OR+resolution+OR+commission+OR+secretariat+OR+joint+management+OR+basin+management+OR+peace+OR+accord+OR+%22peace+accord%22+OR+settle!+OR+cooperat!+OR+collaborat!+OR+disput!+OR+conflict!+OR+disagree!+OR+sanction!+OR+war+OR+troops+OR+%22letter+of+protest%22+OR+hostility+OR+%22shots+fired%22+OR+boycott+OR+protest!+OR+appeal+OR+intent+OR+reject+OR+threat!+OR+force+OR+coerce+OR+assault+OR+fight+OR+demand+OR+disapprove+OR+diploma!+OR+statement+OR+memorandum)+and+hlead(Adige)+and+not+hlead(ocean+OR+navigat!+OR+nuclear+OR+%22water+cannon%22+OR+%22light+water+reactor%22+OR+%22mineral+water%22+OR+%22hold+water%22+OR+%22cold+water%22+OR+%22hot+water%22+OR+%22water+canister%22+OR+%22water+tight%22+OR+%22+water+down%22+OR+%22flood+of+refugees%22+OR+Rivera+OR+Suez+OR+Panama+OR+oil+OR+drugs+OR+%22three+gorges%22+OR+waterski+OR+watermelon+OR+dishwater+OR+waterproof+OR+%22water+resistant%22+OR+%22water+bath%22+)&pdsearchtype=SearchBox&pdtypeofsearch=searchboxclick&pdsf=&pdquerytemplateid=&pdtimeline=undefined%7Calldates&pdfromadvancedsearchpage=true&ecomp=xxLg9kk&earg=pdpsf&prid=3e153b8f-e851-4639-9031-01a881cfdb32
A3: AKPA | B3: Akpa | C3: Raunaq | D3: Y (1 July 2023) | E3: 1 July 2023 - 15 March 2024 | F3: Y | G3: AKPA_excel.xlsx | H3: Y | I3: https://advance-lexis-com.ezproxy.library.tufts.edu/search/?pdmfid=1516831&crid=57793ffd-53d5-4693-8e20-0f0093f74143&pdpsf=&pdpost=&pdstartin=urn%3Ahlct%3A16&pdsearchterms=hlead(*water*+OR+river*+OR+lake+OR+dam+OR+stream+OR+tributary+OR+diversion+OR+irrigation+OR+pollution+OR+water+quality+OR+flood!+OR+drought!+OR+channel+OR+canal+OR+hydroelect!+OR+reservoir+OR+groundwater+OR+aquifer+OR+drought+OR+recharge+OR+%22water+table%22+OR+%22bore+hole%22)+and+hlead(treaty+OR+agree!+OR+negotiat!+OR+resolution+OR+commission+OR+secretariat+OR+joint+management+OR+basin+management+OR+peace+OR+accord+OR+%22peace+accord%22+OR+settle!+OR+cooperat!+OR+collaborat!+OR+disput!+OR+conflict!+OR+disagree!+OR+sanction!+OR+war+OR+troops+OR+%22letter+of+protest%22+OR+hostility+OR+%22shots+fired%22+OR+boycott+OR+protest!+OR+appeal+OR+intent+OR+reject+OR+threat!+OR+force+OR+coerce+OR+assault+OR+fight+OR+demand+OR+disapprove+OR+diploma!+OR+statement+OR+memorandum)+and+hlead(Akpa)+and+not+hlead(ocean+OR+navigat!+OR+nuclear+OR+%22water+cannon%22+OR+%22light+water+reactor%22+OR+%22mineral+water%22+OR+%22hold+water%22+OR+%22cold+water%22+OR+%22hot+water%22+OR+%22water+canister%22+OR+%22water+tight%22+OR+%22+water+down%22+OR+%22flood+of+refugees%22+OR+Rivera+OR+Suez+OR+Panama+OR+oil+OR+drugs+OR+%22three+gorges%22+OR+waterski+OR+watermelon+OR+dishwater+OR+waterproof+OR+%22water+resistant%22+OR+%22water+bath%22+)&pdsearchtype=SearchBox&pdtypeofsearch=searchboxclick&pdsf=&pdquerytemplateid=&pdtimeline=undefined%7Calldates&pdfromadvancedsearchpage=true&ecomp=xxLg9kk&earg=pdpsf&prid=3e153b8f-e851-4639-9031-01a881cfdb32
A4: ALKL | B4: Alakol | C4: Raunaq | D4: Y (1 July 2023) | E4: 1 July 2023 - 15 March 2024 | F4: Y | G4: ALKL_excel.xlsx | H4: Y | I4: https://advance-lexis-com.ezproxy.library.tufts.edu/search/?pdmfid=1516831&crid=70807c1d-644d-4515-8945-8dcc70ca15bd&pdpsf=&pdpost=&pdstartin=urn%3Ahlct%3A16&pdsearchterms=hlead(*water*+OR+river*+OR+lake+OR+dam+OR+stream+OR+tributary+OR+diversion+OR+irrigation+OR+pollution+OR+water+quality+OR+flood!+OR+drought!+OR+channel+OR+canal+OR+hydroelect!+OR+reservoir+OR+groundwater+OR+aquifer+OR+drought+OR+recharge+OR+%22water+table%22+OR+%22bore+hole%22)+and+hlead(treaty+OR+agree!+OR+negotiat!+OR+resolution+OR+commission+OR+secretariat+OR+joint+management+OR+basin+management+OR+peace+OR+accord+OR+%22peace+accord%22+OR+settle!+OR+cooperat!+OR+collaborat!+OR+disput!+OR+conflict!+OR+disagree!+OR+sanction!+OR+war+OR+troops+OR+%22letter+of+protest%22+OR+hostility+OR+%22shots+fired%22+OR+boycott+OR+protest!+OR+appeal+OR+intent+OR+reject+OR+threat!+OR+force+OR+coerce+OR+assault+OR+fight+OR+demand+OR+disapprove+OR+diploma!+OR+statement+OR+memorandum)+and+hlead(Alakol)+and+not+hlead(ocean+OR+navigat!+OR+nuclear+OR+%22water+cannon%22+OR+%22light+water+reactor%22+OR+%22mineral+water%22+OR+%22hold+water%22+OR+%22cold+water%22+OR+%22hot+water%22+OR+%22water+canister%22+OR+%22water+tight%22+OR+%22+water+down%22+OR+%22flood+of+refugees%22+OR+Rivera+OR+Suez+OR+Panama+OR+oil+OR+drugs+OR+%22three+gorges%22+OR+waterski+OR+watermelon+OR+dishwater+OR+waterproof+OR+%22water+resistant%22+OR+%22water+bath%22+)&pdsearchtype=SearchBox&pdtypeofsearch=searchboxclick&pdsf=&pdquerytemplateid=&pdtimeline=undefined%7Calldates&pdfromadvancedsearchpage=true&ecomp=xxLg9kk&earg=pdpsf&prid=3e153b8f-e851-4639-9031-01a881cfdb32
A5: ALSK | B5: Alsek | C5: Raunaq | D5: Y (1 July 2023) | E5: 1 July 2023 - 15 March 2024 | F5: Y | G5: ALSK_excel.xlsx | H5: Y | I5: https://advance-lexis-com.ezproxy.library.tufts.edu/search/?pdmfid=1516831&crid=2d355827-c7a2-4149-981f-5a23811f1279&pdpsf=&pdpost=&pdstartin=urn%3Ahlct%3A16&pdsearchterms=hlead(*water*+OR+river*+OR+lake+OR+dam+OR+stream+OR+tributary+OR+diversion+OR+irrigation+OR+pollution+OR+water+quality+OR+flood!+OR+drought!+OR+channel+OR+canal+OR+hydroelect!+OR+reservoir+OR+groundwater+OR+aquifer+OR+drought+OR+recharge+OR+%22water+table%22+OR+%22bore+hole%22)+and+hlead(treaty+OR+agree!+OR+negotiat!+OR+resolution+OR+commission+OR+secretariat+OR+joint+management+OR+basin+management+OR+peace+OR+accord+OR+%22peace+accord%22+OR+settle!+OR+cooperat!+OR+collaborat!+OR+disput!+OR+conflict!+OR+disagree!+OR+sanction!+OR+war+OR+troops+OR+%22letter+of+protest%22+OR+hostility+OR+%22shots+fired%22+OR+boycott+OR+protest!+OR+appeal+OR+intent+OR+reject+OR+threat!+OR+force+OR+coerce+OR+assault+OR+fight+OR+demand+OR+disapprove+OR+diploma!+OR+statement+OR+memorandum)+and+hlead(Alsek+OR+Bates+Lake)+and+not+hlead(ocean+OR+navigat!+OR+nuclear+OR+%22water+cannon%22+OR+%22light+water+reactor%22+OR+%22mineral+water%22+OR+%22hold+water%22+OR+%22cold+water%22+OR+%22hot+water%22+OR+%22water+canister%22+OR+%22water+tight%22+OR+%22+water+down%22+OR+%22flood+of+refugees%22+OR+Rivera+OR+Suez+OR+Panama+OR+oil+OR+drugs+OR+%22three+gorges%22+OR+waterski+OR+watermelon+OR+dishwater+OR+waterproof+OR+%22water+resistant%22+OR+%22water+bath%22+)&pdsearchtype=SearchBox&pdtypeofsearch=searchboxclick&pdsf=&pdquerytemplateid=&pdtimeline=undefined%7Calldates&pdfromadvancedsearchpage=true&ecomp=xxLg9kk&earg=pdpsf&prid=3e153b8f-e851-4639-9031-01a881cfdb32
A6: AMCR | B6: Amacuro | C6: Raunaq | D6: Y (1 July 2023) | E6: 1 July 2023 - 15 March 2024 | F6: Y | G6: AMCR_excel.xlsx | H6: Y | I6: https://advance-lexis-com.ezproxy.library.tufts.edu/search/?pdmfid=1516831&crid=f527046e-bb0e-4f82-9a1a-3d513f064c56&pdpsf=&pdpost=&pdstartin=urn%3Ahlct%3A16&pdsearchterms=hlead(*water*+OR+river*+OR+lake+OR+dam+OR+stream+OR+tributary+OR+diversion+OR+irrigation+OR+pollution+OR+water+quality+OR+flood!+OR+drought!+OR+channel+OR+canal+OR+hydroelect!+OR+reservoir+OR+groundwater+OR+aquifer+OR+drought+OR+recharge+OR+%22water+table%22+OR+%22bore+hole%22)+and+hlead(treaty+OR+agree!+OR+negotiat!+OR+resolution+OR+commission+OR+secretariat+OR+joint+management+OR+basin+management+OR+peace+OR+accord+OR+%22peace+accord%22+OR+settle!+OR+cooperat!+OR+collaborat!+OR+disput!+OR+conflict!+OR+disagree!+OR+sanction!+OR+war+OR+troops+OR+%22letter+of+protest%22+OR+hostility+OR+%22shots+fired%22+OR+boycott+OR+protest!+OR+appeal+OR+intent+OR+reject+OR+threat!+OR+force+OR+coerce+OR+assault+OR+fight+OR+demand+OR+disapprove+OR+diploma!+OR+statement+OR+memorandum)+and+hlead(Amacuro)+and+not+hlead(ocean+OR+navigat!+OR+nuclear+OR+%22water+cannon%22+OR+%22light+water+reactor%22+OR+%22mineral+water%22+OR+%22hold+water%22+OR+%22cold+water%22+OR+%22hot+water%22+OR+%22water+canister%22+OR+%22water+tight%22+OR+%22+water+down%22+OR+%22flood+of+refugees%22+OR+Rivera+OR+Suez+OR+Panama+OR+oil+OR+drugs+OR+%22three+gorges%22+OR+waterski+OR+watermelon+OR+dishwater+OR+waterproof+OR+%22water+resistant%22+OR+%22water+bath%22+)&pdsearchtype=SearchBox&pdtypeofsearch=searchboxclick&pdsf=&pdquerytemplateid=&pdtimeline=undefined%7Calldates&pdfromadvancedsearchpage=true&ecomp=xxLg9kk&earg=pdpsf&prid=3e153b8f-e851-4639-9031-01a881cfdb32
A7: AMUR | B7: Amur | C7: Raunaq | D7: N | E7: Update Sheet to 15 March 2024 | F7: Need Add to 2024 | G7: AMUR_excel.xlsx | I7: https://advance-lexis-com.ezproxy.library.tufts.edu/search/?pdmfid=1516831&crid=86bbb8d1-9f00-481b-bfc5-ec60245e8070&pdpsf=&pdpost=&pdstartin=urn%3Ahlct%3A16&pdsearchterms=hlead(*water*+OR+river*+OR+lake+OR+dam+OR+stream+OR+tributary+OR+diversion+OR+irrigation+OR+pollution+OR+water+quality+OR+flood!+OR+drought!+OR+channel+OR+canal+OR+hydroelect!+OR+reservoir+OR+groundwater+OR+aquifer+OR+drought+OR+recharge+OR+%22water+table%22+OR+%22bore+hole%22)+and+hlead(treaty+OR+agree!+OR+negotiat!+OR+resolution+OR+commission+OR+secretariat+OR+joint+management+OR+basin+management+OR+peace+OR+accord+OR+%22peace+accord%22+OR+settle!+OR+cooperat!+OR+collaborat!+OR+disput!+OR+conflict!+OR+disagree!+OR+sanction!+OR+war+OR+troops+OR+%22letter+of+protest%22+OR+hostility+OR+%22shots+fired%22+OR+boycott+OR+protest!+OR+appeal+OR+intent+OR+reject+OR+threat!+OR+force+OR+coerce+OR+assault+OR+fight+OR+demand+OR+disapprove+OR+diploma!+OR+statement+OR+memorandum)+and+hlead(Amur+OR+Emur+OR+Huma+OR+Muling+OR+Naoli+OR+Songhua+OR+Amagun+OR+Argun+OR+Bikin+OR+Bureya+OR+CAPS(Dep)+OR+Gazimur+OR+Gilyuy+OR+Ingoda+OR+Kur+OR+Onon+OR+Oz.+Chukchagirskoye+OR+Oz.+Khanka+OR+Oz.+Udyl%27+OR+Shilka+OR+CAPS(Tok)+OR+Urmi+OR+Ussuri+OR+Zeya)+and+not+hlead(ocean+OR+navigat!+OR+nuclear+OR+%22water+cannon%22+OR+%22light+water+reactor%22+OR+%22mineral+water%22+OR+%22hold+water%22+OR+%22cold+water%22+OR+%22hot+water%22+OR+%22water+canister%22+OR+%22water+tight%22+OR+%22+water+down%22+OR+%22flood+of+refugees%22+OR+Rivera+OR+Suez+OR+Panama+OR+oil+OR+drugs+OR+%22three+gorges%22+OR+waterski+OR+watermelon+OR+dishwater+OR+waterproof+OR+%E2%80%9Cwater+resistant%E2%80%9D+OR+%E2%80%9Cwater+bath%E2%80%9D+)&pdsearchtype=SearchBox&pdtypeofsearch=searchboxclick&pdsf=&pdquerytemplateid=&pdtimeline=undefined%7Calldates&pdfromadvancedsearchpage=true&ecomp=wxLg9kk&earg=pdpsf&prid=5923a166-d96f-4896-be04-8b410ab9a20e
A8: AMZN | B8: Amazon | C8: Molly | D8: N | E8: Update Sheet to 15 March 2024 | F8: In Progress | I8: search button will not work
A9: ANAK | B9: An Nahr Al Kabir | C9: Raunaq | D9: Y (1 July 2023) | E9: 1 July 2023 - 15 March 2024 | F9: Y | G9: ANAK_excel.xlsx | H9: Y | I9: https://advance-lexis-com.ezproxy.library.tufts.edu/search/?pdmfid=1516831&crid=cc93a4c4-5e84-47b0-b381-745024f8ec7e&pdpsf=&pdpost=&pdstartin=urn%3Ahlct%3A16&pdsearchterms=hlead(*water*+OR+river*+OR+lake+OR+dam+OR+stream+OR+tributary+OR+diversion+OR+irrigation+OR+pollution+OR+water+quality+OR+flood!+OR+drought!+OR+channel+OR+canal+OR+hydroelect!+OR+reservoir+OR+groundwater+OR+aquifer+OR+drought+OR+recharge+OR+%22water+table%22+OR+%22bore+hole%22)+and+hlead(treaty+OR+agree!+OR+negotiat!+OR+resolution+OR+commission+OR+secretariat+OR+joint+management+OR+basin+management+OR+peace+OR+accord+OR+%22peace+accord%22+OR+settle!+OR+cooperat!+OR+collaborat!+OR+disput!+OR+conflict!+OR+disagree!+OR+sanction!+OR+war+OR+troops+OR+%22letter+of+protest%22+OR+hostility+OR+%22shots+fired%22+OR+boycott+OR+protest!+OR+appeal+OR+intent+OR+reject+OR+threat!+OR+force+OR+coerce+OR+assault+OR+fight+OR+demand+OR+disapprove+OR+diploma!+OR+statement+OR+memorandum)+and+hlead(An+Nahr+Al+Kabir+OR+Nahr+Ibrahim)+and+not+hlead(ocean+OR+navigat!+OR+nuclear+OR+%22water+cannon%22+OR+%22light+water+reactor%22+OR+%22mineral+water%22+OR+%22hold+water%22+OR+%22cold+water%22+OR+%22hot+water%22+OR+%22water+canister%22+OR+%22water+tight%22+OR+%22+water+down%22+OR+%22flood+of+refugees%22+OR+Rivera+OR+Suez+OR+Panama+OR+oil+OR+drugs+OR+%22three+gorges%22+OR+waterski+OR+watermelon+OR+dishwater+OR+waterproof+OR+%22water+resistant%22+OR+%22water+bath%22+)&pdsearchtype=SearchBox&pdtypeofsearch=searchboxclick&pdsf=&pdquerytemplateid=&pdtimeline=undefined%7Calldates&pdfromadvancedsearchpage=true&ecomp=xxLg9kk&earg=pdpsf&prid=3e153b8f-e851-4639-9031-01a881cfdb32
A10: ANGE | B10: Angerman | C10: Raunaq | D10: Y (1 July 2023) | E10: 1 July 2023 - 15 March 2024 | F10: Y | G10: ANGE_excel.xlsx | H10: Y | I10: https://advance-lexis-com.ezproxy.library.tufts.edu/search/?pdmfid=1516831&crid=5cc87410-4e22-46a3-834d-e1dd20f5ca4a&pdpsf=&pdpost=&pdstartin=urn%3Ahlct%3A16&pdsearchterms=hlead(*water*+OR+river*+OR+lake+OR+dam+OR+stream+OR+tributary+OR+diversion+OR+irrigation+OR+pollution+OR+water+quality+OR+flood!+OR+drought!+OR+channel+OR+canal+OR+hydroelect!+OR+reservoir+OR+groundwater+OR+aquifer+OR+drought+OR+recharge+OR+%22water+table%22+OR+%22bore+hole%22)+and+hlead(treaty+OR+agree!+OR+negotiat!+OR+resolution+OR+commission+OR+secretariat+OR+joint+management+OR+basin+management+OR+peace+OR+accord+OR+%22peace+accord%22+OR+settle!+OR+cooperat!+OR+collaborat!+OR+disput!+OR+conflict!+OR+disagree!+OR+sanction!+OR+war+OR+troops+OR+%22letter+of+protest%22+OR+hostility+OR+%22shots+fired%22+OR+boycott+OR+protest!+OR+appeal+OR+intent+OR+reject+OR+threat!+OR+force+OR+coerce+OR+assault+OR+fight+OR+demand+OR+disapprove+OR+diploma!+OR+statement+OR+memorandum)+and+hlead(Angerman)+and+not+hlead(ocean+OR+navigat!+OR+nuclear+OR+%22water+cannon%22+OR+%22light+water+reactor%22+OR+%22mineral+water%22+OR+%22hold+water%22+OR+%22cold+water%22+OR+%22hot+water%22+OR+%22water+canister%22+OR+%22water+tight%22+OR+%22+water+down%22+OR+%22flood+of+refugees%22+OR+Rivera+OR+Suez+OR+Panama+OR+oil+OR+drugs+OR+%22three+gorges%22+OR+waterski+OR+watermelon+OR+dishwater+OR+waterproof+OR+%22water+resistant%22+OR+%22water+bath%22+)&pdsearchtype=SearchBox&pdtypeofsearch=searchboxclick&pdsf=&pdquerytemplateid=&pdtimeline=undefined%7Calldates&pdfromadvancedsearchpage=true&ecomp=xxLg9kk&earg=pdpsf&prid=11f9a7c2-3787-4e1f-abf0-aa84db7ef7dc
A11: ANNL | B11: Annole | C11: Rachel | D11: Y (1 July 2023) | E11: 1 July 2023 - 15 March 2024 | F11: Need Add to 2024 | G11: N/A
A12: ARAL | B12: Aral Sea | C12: Molly | D12: Y (1 July 2023) | E12: 1 July 2023 - 15 March 2024 | F12: Y | G12: ARAL_excel.xlsx | H12: Y | I12: https://advance-lexis-com.ezproxy.library.tufts.edu/search/?pdmfid=1516831&crid=5123f8a8-66d5-412b-9e68-8108147f3012&pdpsf=&pdpost=&pdstartin=urn%3Ahlct%3A16&pdsearchterms=hlead(*water*+OR+river*+OR+lake+OR+dam+OR+stream+OR+tributary+OR+diversion+OR+irrigation+OR+pollution+OR+water+quality+OR+flood!+OR+drought!+OR+channel+OR+canal+OR+hydroelect!+OR+reservoir+OR+groundwater+OR+aquifer+OR+drought+OR+recharge+OR+%22water+table%22+OR+%22bore+hole%22)+and+hlead(treaty+OR+agree!+OR+negotiat!+OR+resolution+OR+commission+OR+secretariat+OR+joint+management+OR+basin+management+OR+peace+OR+accord+OR+%22peace+accord%22+OR+settle!+OR+cooperat!+OR+collaborat!+OR+disput!+OR+conflict!+OR+disagree!+OR+sanction!+OR+war+OR+troops+OR+%22letter+of+protest%22+OR+hostility+OR+%22shots+fired%22+OR+boycott+OR+protest!+OR+appeal+OR+intent+OR+reject+OR+threat!+OR+force+OR+coerce+OR+assault+OR+fight+OR+demand+OR+disapprove+OR+diploma!+OR+statement+OR+memorandum)+and+hlead(Aral+OR+Syr+Daria+OR+Naryn+OR+Amu+Daria+OR+Syr+Darya+OR+Amu+Darya+OR+Akhangaran+OR+Chirchik)+and+not+hlead(ocean+OR+navigat!+OR+nuclear+OR+%22water+cannon%22+OR+%22light+water+reactor%22+OR+%22mineral+water%22+OR+%22hold+water%22+OR+%22cold+water%22+OR+%22hot+water%22+OR+%22water+canister%22+OR+%22water+tight%22+OR+%22+water+down%22+OR+%22flood+of+refugees%22+OR+Rivera+OR+Suez+OR+Panama+OR+oil+OR+drugs+OR+%22three+gorges%22+OR+waterski+OR+watermelon+OR+dishwater+OR+waterproof+OR+%22water+resistant%22+OR+%22water+bath%22+)&pdsearchtype=SearchBox&pdtypeofsearch=searchboxclick&pdsf=&pdquerytemplateid=&pdtimeline=undefined%7Calldates&pdfromadvancedsearchpage=true&ecomp=xxLg9kk&earg=pdpsf&prid=23f3da92-673e-45a2-9b9e-22ed73f58158
A13: ASIX | B13: Asi/Orontes | C13: Molly | D13: Y (1 July 2023) | E13: 1 July 2023 - 15 March 2024 | F13: Y | G13: ASIX_excel.xlsx | H13: Y | I13: https://advance-lexis-com.ezproxy.library.tufts.edu/search/?pdmfid=1516831&crid=125e1e8b-67f5-41c6-9bc4-892d7f24c175&pdpsf=&pdpost=&pdstartin=urn%3Ahlct%3A16&pdsearchterms=hlead(*water*+OR+river*+OR+lake+OR+dam+OR+stream+OR+tributary+OR+diversion+OR+irrigation+OR+pollution+OR+water+quality+OR+flood!+OR+drought!+OR+channel+OR+canal+OR+hydroelect!+OR+reservoir+OR+groundwater+OR+aquifer+OR+drought+OR+recharge+OR+%22water+table%22+OR+%22bore+hole%22)+and+hlead(treaty+OR+agree!+OR+negotiat!+OR+resolution+OR+commission+OR+secretariat+OR+joint+management+OR+basin+management+OR+peace+OR+accord+OR+%22peace+accord%22+OR+settle!+OR+cooperat!+OR+collaborat!+OR+disput!+OR+conflict!+OR+disagree!+OR+sanction!+OR+war+OR+troops+OR+%22letter+of+protest%22+OR+hostility+OR+%22shots+fired%22+OR+boycott+OR+protest!+OR+appeal+OR+intent+OR+reject+OR+threat!+OR+force+OR+coerce+OR+assault+OR+fight+OR+demand+OR+disapprove+OR+diploma!+OR+statement+OR+memorandum)+and+hlead(Asi+OR+Orontes+OR+Amik+Golu)+and+not+hlead(ocean+OR+navigat!+OR+nuclear+OR+%22water+cannon%22+OR+%22light+water+reactor%22+OR+%22mineral+water%22+OR+%22hold+water%22+OR+%22cold+water%22+OR+%22hot+water%22+OR+%22water+canister%22+OR+%22water+tight%22+OR+%22+water+down%22+OR+%22flood+of+refugees%22+OR+Rivera+OR+Suez+OR+Panama+OR+oil+OR+drugs+OR+%22three+gorges%22+OR+waterski+OR+watermelon+OR+dishwater+OR+waterproof+OR+%22water+resistant%22+OR+%22water+bath%22+)&pdsearchtype=SearchBox&pdtypeofsearch=searchboxclick&pdsf=&pdquerytemplateid=&pdtimeline=undefined%7Calldates&pdfromadvancedsearchpage=true&ecomp=xxLg9kk&earg=pdpsf&prid=23f3da92-673e-45a2-9b9e-22ed73f58158
A14: ATBN | B14: Artibonite | C14: Raunaq | D14: Y (1 July 2023) | E14: 1 July 2023 - 15 March 2024 | F14: Y | G14: ATBN_excel.xlsx | H14: Y | I14: https://advance-lexis-com.ezproxy.library.tufts.edu/search/?pdmfid=1516831&crid=1c630e8f-6daf-4129-b0df-b86e28979d77&pdpsf=&pdpost=&pdstartin=urn%3Ahlct%3A16&pdsearchterms=hlead(*water*+OR+river*+OR+lake+OR+dam+OR+stream+OR+tributary+OR+diversion+OR+irrigation+OR+pollution+OR+water+quality+OR+flood!+OR+drought!+OR+channel+OR+canal+OR+hydroelect!+OR+reservoir+OR+groundwater+OR+aquifer+OR+drought+OR+recharge+OR+%22water+table%22+OR+%22bore+hole%22)+and+hlead(treaty+OR+agree!+OR+negotiat!+OR+resolution+OR+commission+OR+secretariat+OR+joint+management+OR+basin+management+OR+peace+OR+accord+OR+%22peace+accord%22+OR+settle!+OR+cooperat!+OR+collaborat!+OR+disput!+OR+conflict!+OR+disagree!+OR+sanction!+OR+war+OR+troops+OR+%22letter+of+protest%22+OR+hostility+OR+%22shots+fired%22+OR+boycott+OR+protest!+OR+appeal+OR+intent+OR+reject+OR+threat!+OR+force+OR+coerce+OR+assault+OR+fight+OR+demand+OR+disapprove+OR+diploma!+OR+statement+OR+memorandum)+and+hlead(Artibonite+OR+Depeligre)+and+not+hlead(ocean+OR+navigat!+OR+nuclear+OR+%22water+cannon%22+OR+%22light+water+reactor%22+OR+%22mineral+water%22+OR+%22hold+water%22+OR+%22cold+water%22+OR+%22hot+water%22+OR+%22water+canister%22+OR+%22water+tight%22+OR+%22+water+down%22+OR+%22flood+of+refugees%22+OR+Rivera+OR+Suez+OR+Panama+OR+oil+OR+drugs+OR+%22three+gorges%22+OR+waterski+OR+watermelon+OR+dishwater+OR+waterproof+OR+%22water+resistant%22+OR+%22water+bath%22+)&pdsearchtype=SearchBox&pdtypeofsearch=searchboxclick&pdsf=&pdquerytemplateid=&pdtimeline=undefined%7Calldates&pdfromadvancedsearchpage=true&ecomp=xxLg9kk&earg=pdpsf&prid=23f3da92-673e-45a2-9b9e-22ed73f58158
A15: ATCY | B15: Astara Chay | C15: Raunaq | D15: Y (1 July 2023) | E15: 1 July 2023 - 15 March 2024 | G15: No results | I15: https://advance-lexis-com.ezproxy.library.tufts.edu/search/?pdmfid=1516831&crid=9908ff38-8b27-4fe7-b8b0-a20e85ff405c&pdpsf=&pdpost=&pdstartin=urn%3Ahlct%3A16&pdsearchterms=hlead(*water*+OR+river*+OR+lake+OR+dam+OR+stream+OR+tributary+OR+diversion+OR+irrigation+OR+pollution+OR+water+quality+OR+flood!+OR+drought!+OR+channel+OR+canal+OR+hydroelect!+OR+reservoir+OR+groundwater+OR+aquifer+OR+drought+OR+recharge+OR+%22water+table%22+OR+%22bore+hole%22)+and+hlead(treaty+OR+agree!+OR+negotiat!+OR+resolution+OR+commission+OR+secretariat+OR+joint+management+OR+basin+management+OR+peace+OR+accord+OR+%22peace+accord%22+OR+settle!+OR+cooperat!+OR+collaborat!+OR+disput!+OR+conflict!+OR+disagree!+OR+sanction!+OR+war+OR+troops+OR+%22letter+of+protest%22+OR+hostility+OR+%22shots+fired%22+OR+boycott+OR+protest!+OR+appeal+OR+intent+OR+reject+OR+threat!+OR+force+OR+coerce+OR+assault+OR+fight+OR+demand+OR+disapprove+OR+diploma!+OR+statement+OR+memorandum)+and+hlead(Astara+Chay)+and+not+hlead(ocean+OR+navigat!+OR+nuclear+OR+%22water+cannon%22+OR+%22light+water+reactor%22+OR+%22mineral+water%22+OR+%22hold+water%22+OR+%22cold+water%22+OR+%22hot+water%22+OR+%22water+canister%22+OR+%22water+tight%22+OR+%22+water+down%22+OR+%22flood+of+refugees%22+OR+Rivera+OR+Suez+OR+Panama+OR+oil+OR+drugs+OR+%22three+gorges%22+OR+waterski+OR+watermelon+OR+dishwater+OR+waterproof+OR+%22water+resistant%22+OR+%22water+bath%22+)&pdsearchtype=SearchBox&pdtypeofsearch=searchboxclick&pdsf=&pdquerytemplateid=&pdtimeline=undefined%7Calldates&pdfromadvancedsearchpage=true&ecomp=xxLg9kk&earg=pdpsf&prid=23f3da92-673e-45a2-9b9e-22ed73f58158
A16: ATRK | B16: Atrak | C16: Raunaq | D16: Y (1 July 2023) | E16: 1 July 2023 - 15 March 2024 | F16: Y | G16: ATRK_excel.xlsx | H16: Y | I16: https://advance-lexis-com.ezproxy.library.tufts.edu/search/?pdmfid=1516831&crid=d7c8c0bd-2a77-4637-87c0-4bda5500c8a4&pdpsf=&pdpost=&pdstartin=urn%3Ahlct%3A16&pdsearchterms=hlead(*water*+OR+river*+OR+lake+OR+dam+OR+stream+OR+tributary+OR+diversion+OR+irrigation+OR+pollution+OR+water+quality+OR+flood!+OR+drought!+OR+channel+OR+canal+OR+hydroelect!+OR+reservoir+OR+groundwater+OR+aquifer+OR+drought+OR+recharge+OR+%22water+table%22+OR+%22bore+hole%22)+and+hlead(treaty+OR+agree!+OR+negotiat!+OR+resolution+OR+commission+OR+secretariat+OR+joint+management+OR+basin+management+OR+peace+OR+accord+OR+%22peace+accord%22+OR+settle!+OR+cooperat!+OR+collaborat!+OR+disput!+OR+conflict!+OR+disagree!+OR+sanction!+OR+war+OR+troops+OR+%22letter+of+protest%22+OR+hostility+OR+%22shots+fired%22+OR+boycott+OR+protest!+OR+appeal+OR+intent+OR+reject+OR+threat!+OR+force+OR+coerce+OR+assault+OR+fight+OR+demand+OR+disapprove+OR+diploma!+OR+statement+OR+memorandum)+and+hlead(Atrak+OR+Sumber)+and+not+hlead(ocean+OR+navigat!+OR+nuclear+OR+%22water+cannon%22+OR+%22light+water+reactor%22+OR+%22mineral+water%22+OR+%22hold+water%22+OR+%22cold+water%22+OR+%22hot+water%22+OR+%22water+canister%22+OR+%22water+tight%22+OR+%22+water+down%22+OR+%22flood+of+refugees%22+OR+Rivera+OR+Suez+OR+Panama+OR+oil+OR+drugs+OR+%22three+gorges%22+OR+waterski+OR+watermelon+OR+dishwater+OR+waterproof+OR+%22water+resistant%22+OR+%22water+bath%22+)&pdsearchtype=SearchBox&pdtypeofsearch=searchboxclick&pdsf=&pdquerytemplateid=&pdtimeline=undefined%7Calldates&pdfromadvancedsearchpage=true&ecomp=xxLg9kk&earg=pdpsf&prid=23f3da92-673e-45a2-9b9e-22ed73f58158
A17: AVLS | B17: Aviles | C17: Raunaq | D17: Y (1 July 2023) | E17: 1 July 2023 - 15 March 2024 | F17: Y | G17: AVLS_excel.xlsx | H17: Y | I17: https://advance-lexis-com.ezproxy.library.tufts.edu/search/?pdmfid=1516831&crid=8c2a0306-6bd5-43e9-9f2f-e43f16156521&pdpsf=&pdpost=&pdstartin=urn%3Ahlct%3A16&pdsearchterms=hlead(*water*+OR+river*+OR+lake+OR+dam+OR+stream+OR+tributary+OR+diversion+OR+irrigation+OR+pollution+OR+water+quality+OR+flood!+OR+drought!+OR+channel+OR+canal+OR+hydroelect!+OR+reservoir+OR+groundwater+OR+aquifer+OR+drought+OR+recharge+OR+%22water+table%22+OR+%22bore+hole%22)+and+hlead(treaty+OR+agree!+OR+negotiat!+OR+resolution+OR+commission+OR+secretariat+OR+joint+management+OR+basin+management+OR+peace+OR+accord+OR+%22peace+accord%22+OR+settle!+OR+cooperat!+OR+collaborat!+OR+disput!+OR+conflict!+OR+disagree!+OR+sanction!+OR+war+OR+troops+OR+%22letter+of+protest%22+OR+hostility+OR+%22shots+fired%22+OR+boycott+OR+protest!+OR+appeal+OR+intent+OR+reject+OR+threat!+OR+force+OR+coerce+OR+assault+OR+fight+OR+demand+OR+disapprove+OR+diploma!+OR+statement+OR+memorandum)+and+hlead(Aviles)+and+not+hlead(ocean+OR+navigat!+OR+nuclear+OR+%22water+cannon%22+OR+%22light+water+reactor%22+OR+%22mineral+water%22+OR+%22hold+water%22+OR+%22cold+water%22+OR+%22hot+water%22+OR+%22water+canister%22+OR+%22water+tight%22+OR+%22+water+down%22+OR+%22flood+of+refugees%22+OR+Rivera+OR+Suez+OR+Panama+OR+oil+OR+drugs+OR+%22three+gorges%22+OR+waterski+OR+watermelon+OR+dishwater+OR+waterproof+OR+%22water+resistant%22+OR+%22water+bath%22+)&pdsearchtype=SearchBox&pdtypeofsearch=searchboxclick&pdsf=&pdquerytemplateid=&pdtimeline=undefined%7Calldates&pdfromadvancedsearchpage=true&ecomp=xxLg9kk&earg=pdpsf&prid=23f3da92-673e-45a2-9b9e-22ed73f58158
A18: AWSH | B18: Awash | C18: Molly | D18: Y (1 July 2023) | E18: 1 July 2023 - 15 March 2024 | F18: Y | G18: AWSH_excel.xlsx | H18: Y | I18: https://advance-lexis-com.ezproxy.library.tufts.edu/search/?pdmfid=1516831&crid=13500b23-77c4-4282-8bd0-7f0e38d4fe6a&pdpsf=&pdpost=&pdstartin=urn%3Ahlct%3A16&pdsearchterms=hlead(*water*+OR+river*+OR+lake+OR+dam+OR+stream+OR+tributary+OR+diversion+OR+irrigation+OR+pollution+OR+water+quality+OR+flood!+OR+drought!+OR+channel+OR+canal+OR+hydroelect!+OR+reservoir+OR+groundwater+OR+aquifer+OR+drought+OR+recharge+OR+%22water+table%22+OR+%22bore+hole%22)+and+hlead(treaty+OR+agree!+OR+negotiat!+OR+resolution+OR+commission+OR+secretariat+OR+joint+management+OR+basin+management+OR+peace+OR+accord+OR+%22peace+accord%22+OR+settle!+OR+cooperat!+OR+collaborat!+OR+disput!+OR+conflict!+OR+disagree!+OR+sanction!+OR+war+OR+troops+OR+%22letter+of+protest%22+OR+hostility+OR+%22shots+fired%22+OR+boycott+OR+protest!+OR+appeal+OR+intent+OR+reject+OR+threat!+OR+force+OR+coerce+OR+assault+OR+fight+OR+demand+OR+disapprove+OR+diploma!+OR+statement+OR+memorandum)+and+hlead(Abhe+Bid+Hayak+OR+Awash+OR+Finochaa+OR+Gemeri+Hayak+OR+Petit+Akabi+OR+Sendafa)+and+not+hlead(ocean+OR+navigat!+OR+nuclear+OR+%22water+cannon%22+OR+%22light+water+reactor%22+OR+%22mineral+water%22+OR+%22hold+water%22+OR+%22cold+water%22+OR+%22hot+water%22+OR+%22water+canister%22+OR+%22water+tight%22+OR+%22+water+down%22+OR+%22flood+of+refugees%22+OR+Rivera+OR+Suez+OR+Panama+OR+oil+OR+drugs+OR+%22three+gorges%22+OR+waterski+OR+watermelon+OR+dishwater+OR+waterproof+OR+%22water+resistant%22+OR+%22water+bath%22+)&pdsearchtype=SearchBox&pdtypeofsearch=searchboxclick&pdsf=&pdquerytemplateid=&pdtimeline=undefined%7Calldates&pdfromadvancedsearchpage=true&ecomp=xxLg9kk&earg=pdpsf&prid=23f3da92-673e-45a2-9b9e-22ed73f58158
A19: AYSN | B19: Aysen | C19: Raunaq | D19: Y (1 July 2023) | E19: 1 July 2023 - 15 March 2024 | F19: Y | G19: AYSN_excel.xlsx | H19: Y | I19: https://advance-lexis-com.ezproxy.library.tufts.edu/search/?pdmfid=1516831&crid=d8fcd9d3-f35d-406d-9efc-b83edc6b50ef&pdpsf=&pdpost=&pdstartin=urn%3Ahlct%3A16&pdsearchterms=hlead(*water*+OR+river*+OR+lake+OR+dam+OR+stream+OR+tributary+OR+diversion+OR+irrigation+OR+pollution+OR+water+quality+OR+flood!+OR+drought!+OR+channel+OR+canal+OR+hydroelect!+OR+reservoir+OR+groundwater+OR+aquifer+OR+drought+OR+recharge+OR+%22water+table%22+OR+%22bore+hole%22)+and+hlead(treaty+OR+agree!+OR+negotiat!+OR+resolution+OR+commission+OR+secretariat+OR+joint+management+OR+basin+management+OR+peace+OR+accord+OR+%22peace+accord%22+OR+settle!+OR+cooperat!+OR+collaborat!+OR+disput!+OR+conflict!+OR+disagree!+OR+sanction!+OR+war+OR+troops+OR+%22letter+of+protest%22+OR+hostility+OR+%22shots+fired%22+OR+boycott+OR+protest!+OR+appeal+OR+intent+OR+reject+OR+threat!+OR+force+OR+coerce+OR+assault+OR+fight+OR+demand+OR+disapprove+OR+diploma!+OR+statement+OR+memorandum)+and+hlead(Aysen)+and+not+hlead(ocean+OR+navigat!+OR+nuclear+OR+%22water+cannon%22+OR+%22light+water+reactor%22+OR+%22mineral+water%22+OR+%22hold+water%22+OR+%22cold+water%22+OR+%22hot+water%22+OR+%22water+canister%22+OR+%22water+tight%22+OR+%22+water+down%22+OR+%22flood+of+refugees%22+OR+Rivera+OR+Suez+OR+Panama+OR+oil+OR+drugs+OR+%22three+gorges%22+OR+waterski+OR+watermelon+OR+dishwater+OR+waterproof+OR+%22water+resistant%22+OR+%22water+bath%22+)&pdsearchtype=SearchBox&pdtypeofsearch=searchboxclick&pdsf=&pdquerytemplateid=&pdtimeline=undefined%7Calldates&pdfromadvancedsearchpage=true&ecomp=xxLg9kk&earg=pdpsf&prid=23f3da92-673e-45a2-9b9e-22ed73f58158
A20: BAKR | B20: Baker | C20: Selena | D20: N | E20: Update Sheet to 15 March 2024 | F20: Y | G20: BAKR_excel.xlsx | H20: Y | I20: https://advance-lexis-com.ezproxy.library.tufts.edu/search/?pdmfid=1516831&crid=2765f148-e3e7-4702-8620-72fa608c3e66&pdpsf=&pdpost=&pdstartin=urn%3Ahlct%3A16&pdsearchterms=hlead(*water*+OR+river*+OR+lake+OR+dam+OR+stream+OR+tributary+OR+diversion+OR+irrigation+OR+pollution+OR+water+quality+OR+flood!+OR+drought!+OR+channel+OR+canal+OR+hydroelect!+OR+reservoir+OR+groundwater+OR+aquifer+OR+drought+OR+recharge+OR+%22water+table%22+OR+%22bore+hole%22)+and+hlead(treaty+OR+agree!+OR+negotiat!+OR+resolution+OR+commission+OR+secretariat+OR+joint+management+OR+basin+management+OR+peace+OR+accord+OR+%22peace+accord%22+OR+settle!+OR+cooperat!+OR+collaborat!+OR+disput!+OR+conflict!+OR+disagree!+OR+sanction!+OR+war+OR+troops+OR+%22letter+of+protest%22+OR+hostility+OR+%22shots+fired%22+OR+boycott+OR+protest!+OR+appeal+OR+intent+OR+reject+OR+threat!+OR+force+OR+coerce+OR+assault+OR+fight+OR+demand+OR+disapprove+OR+diploma!+OR+statement+OR+memorandum)+and+hlead(Baker+OR+Cochrane)+and+not+hlead(ocean+OR+navigat!+OR+nuclear+OR+%22water+cannon%22+OR+%22light+water+reactor%22+OR+%22mineral+water%22+OR+%22hold+water%22+OR+%22cold+water%22+OR+%22hot+water%22+OR+%22water+canister%22+OR+%22water+tight%22+OR+%22+water+down%22+OR+%22flood+of+refugees%22+OR+Rivera+OR+Suez+OR+Panama+OR+oil+OR+drugs+OR+%22three+gorges%22+OR+waterski+OR+watermelon+OR+dishwater+OR+waterproof+OR+%E2%80%9Cwater+resistant%E2%80%9D+OR+%E2%80%9Cwater+bath%E2%80%9D+)&pdsearchtype=SearchBox&pdtypeofsearch=searchboxclick&pdsf=&pdquerytemplateid=&pdtimeline=undefined%7Calldates&pdfromadvancedsearchpage=true&ecomp=wxLg9kk&earg=pdpsf&prid=5923a166-d96f-4896-be04-8b410ab9a20e
A21: BANN | B21: Bann | C21: Molly | D21: Y (1 July 2023) | E21: 1 July 2023 - 15 March 2024 | F21: Y | G21: BANN_excel.xlsx | H21: Y | I21: https://advance-lexis-com.ezproxy.library.tufts.edu/search/?pdmfid=1516831&crid=bdf289b9-2548-42b2-a0c9-f8d1687acb8d&pdpsf=&pdpost=&pdstartin=urn%3Ahlct%3A16&pdsearchterms=hlead(*water*+OR+river*+OR+lake+OR+dam+OR+stream+OR+tributary+OR+diversion+OR+irrigation+OR+pollution+OR+water+quality+OR+flood!+OR+drought!+OR+channel+OR+canal+OR+hydroelect!+OR+reservoir+OR+groundwater+OR+aquifer+OR+drought+OR+recharge+OR+%22water+table%22+OR+%22bore+hole%22)+and+hlead(treaty+OR+agree!+OR+negotiat!+OR+resolution+OR+commission+OR+secretariat+OR+joint+management+OR+basin+management+OR+peace+OR+accord+OR+%22peace+accord%22+OR+settle!+OR+cooperat!+OR+collaborat!+OR+disput!+OR+conflict!+OR+disagree!+OR+sanction!+OR+war+OR+troops+OR+%22letter+of+protest%22+OR+hostility+OR+%22shots+fired%22+OR+boycott+OR+protest!+OR+appeal+OR+intent+OR+reject+OR+threat!+OR+force+OR+coerce+OR+assault+OR+fight+OR+demand+OR+disapprove+OR+diploma!+OR+statement+OR+memorandum)+and+hlead(Bann+OR+CAPS(Black+Water)+OR+Laugh+Neagh+OR+CAPS(Lower+Laugh)+Erine)+and+not+hlead(ocean+OR+navigat!+OR+nuclear+OR+%22water+cannon%22+OR+%22light+water+reactor%22+OR+%22mineral+water%22+OR+%22hold+water%22+OR+%22cold+water%22+OR+%22hot+water%22+OR+%22water+canister%22+OR+%22water+tight%22+OR+%22+water+down%22+OR+%22flood+of+refugees%22+OR+Rivera+OR+Suez+OR+Panama+OR+oil+OR+drugs+OR+%22three+gorges%22+OR+waterski+OR+watermelon+OR+dishwater+OR+waterproof+OR+%22water+resistant%22+OR+%22water+bath%22+)&pdsearchtype=SearchBox&pdtypeofsearch=searchboxclick&pdsf=&pdquerytemplateid=&pdtimeline=undefined%7Calldates&pdfromadvancedsearchpage=true&ecomp=xxLg9kk&earg=pdpsf&prid=23f3da92-673e-45a2-9b9e-22ed73f58158
A22: BATU | B22: Bahr at Tubat | C22: Raunaq | D22: Y (1 July 2023) | E22: 1 July 2023 - 15 March 2024 | G22: No results | I22: https://advance-lexis-com.ezproxy.library.tufts.edu/search/?pdmfid=1516831&crid=05dd58a7-7328-4bd8-be6c-fab6fa677d83&pdpsf=&pdpost=&pdstartin=urn%3Ahlct%3A16&pdsearchterms=hlead(*water*+OR+river*+OR+lake+OR+dam+OR+stream+OR+tributary+OR+diversion+OR+irrigation+OR+pollution+OR+water+quality+OR+flood!+OR+drought!+OR+channel+OR+canal+OR+hydroelect!+OR+reservoir+OR+groundwater+OR+aquifer+OR+drought+OR+recharge+OR+%22water+table%22+OR+%22bore+hole%22)+and+hlead(treaty+OR+agree!+OR+negotiat!+OR+resolution+OR+commission+OR+secretariat+OR+joint+management+OR+basin+management+OR+peace+OR+accord+OR+%22peace+accord%22+OR+settle!+OR+cooperat!+OR+collaborat!+OR+disput!+OR+conflict!+OR+disagree!+OR+sanction!+OR+war+OR+troops+OR+%22letter+of+protest%22+OR+hostility+OR+%22shots+fired%22+OR+boycott+OR+protest!+OR+appeal+OR+intent+OR+reject+OR+threat!+OR+force+OR+coerce+OR+assault+OR+fight+OR+demand+OR+disapprove+OR+diploma!+OR+statement+OR+memorandum)+and+hlead(Bahr+at+Tubat)+and+not+hlead(ocean+OR+navigat!+OR+nuclear+OR+%22water+cannon%22+OR+%22light+water+reactor%22+OR+%22mineral+water%22+OR+%22hold+water%22+OR+%22cold+water%22+OR+%22hot+water%22+OR+%22water+canister%22+OR+%22water+tight%22+OR+%22+water+down%22+OR+%22flood+of+refugees%22+OR+Rivera+OR+Suez+OR+Panama+OR+oil+OR+drugs+OR+%22three+gorges%22+OR+waterski+OR+watermelon+OR+dishwater+OR+waterproof+OR+%22water+resistant%22+OR+%22water+bath%22+)&pdsearchtype=SearchBox&pdtypeofsearch=searchboxclick&pdsf=&pdquerytemplateid=&pdtimeline=undefined%7Calldates&pdfromadvancedsearchpage=true&ecomp=xxLg9kk&earg=pdpsf&prid=23f3da92-673e-45a2-9b9e-22ed73f58158
A23: BDSO | B23: Bidasoa | C23: Raunaq | D23: Y (1 July 2023) | E23: 1 July 2023 - 15 March 2024 | F23: Y | G23: BDSO_excel.xlsx | H23: Y | I23: https://advance-lexis-com.ezproxy.library.tufts.edu/search/?pdmfid=1516831&crid=f5c75d3c-cf7a-4550-ba19-5bd871ca8a5a&pdpsf=&pdpost=&pdstartin=urn%3Ahlct%3A16&pdsearchterms=hlead(*water*+OR+river*+OR+lake+OR+dam+OR+stream+OR+tributary+OR+diversion+OR+irrigation+OR+pollution+OR+water+quality+OR+flood!+OR+drought!+OR+channel+OR+canal+OR+hydroelect!+OR+reservoir+OR+groundwater+OR+aquifer+OR+drought+OR+recharge+OR+%22water+table%22+OR+%22bore+hole%22)+and+hlead(treaty+OR+agree!+OR+negotiat!+OR+resolution+OR+commission+OR+secretariat+OR+joint+management+OR+basin+management+OR+peace+OR+accord+OR+%22peace+accord%22+OR+settle!+OR+cooperat!+OR+collaborat!+OR+disput!+OR+conflict!+OR+disagree!+OR+sanction!+OR+war+OR+troops+OR+%22letter+of+protest%22+OR+hostility+OR+%22shots+fired%22+OR+boycott+OR+protest!+OR+appeal+OR+intent+OR+reject+OR+threat!+OR+force+OR+coerce+OR+assault+OR+fight+OR+demand+OR+disapprove+OR+diploma!+OR+statement+OR+memorandum)+and+hlead(Bidasoa)+and+not+hlead(ocean+OR+navigat!+OR+nuclear+OR+%22water+cannon%22+OR+%22light+water+reactor%22+OR+%22mineral+water%22+OR+%22hold+water%22+OR+%22cold+water%22+OR+%22hot+water%22+OR+%22water+canister%22+OR+%22water+tight%22+OR+%22+water+down%22+OR+%22flood+of+refugees%22+OR+Rivera+OR+Suez+OR+Panama+OR+oil+OR+drugs+OR+%22three+gorges%22+OR+waterski+OR+watermelon+OR+dishwater+OR+waterproof+OR+%22water+resistant%22+OR+%22water+bath%22+)&pdsearchtype=SearchBox&pdtypeofsearch=searchboxclick&pdsf=&pdquerytemplateid=&pdtimeline=undefined%7Calldates&pdfromadvancedsearchpage=true&ecomp=xxLg9kk&earg=pdpsf&prid=23f3da92-673e-45a2-9b9e-22ed73f58158
A24: BENT | B24: Benito/Ntem | C24: Raunaq | D24: N | E24: Update Sheet to 15 March 2024 | F24: Need Add to 2024 | G24: BENT_excel.xlsx | I24: https://advance-lexis-com.ezproxy.library.tufts.edu/search/?pdmfid=1516831&crid=9354e9ef-0eaa-4cf0-aa72-d327a5092ae5&pdpsf=&pdpost=&pdstartin=urn%3Ahlct%3A16&pdsearchterms=hlead(*water*+OR+river*+OR+lake+OR+dam+OR+stream+OR+tributary+OR+diversion+OR+irrigation+OR+pollution+OR+water+quality+OR+flood!+OR+drought!+OR+channel+OR+canal+OR+hydroelect!+OR+reservoir+OR+groundwater+OR+aquifer+OR+drought+OR+recharge+OR+%22water+table%22+OR+%22bore+hole%22)+and+hlead(treaty+OR+agree!+OR+negotiat!+OR+resolution+OR+commission+OR+secretariat+OR+joint+management+OR+basin+management+OR+peace+OR+accord+OR+%22peace+accord%22+OR+settle!+OR+cooperat!+OR+collaborat!+OR+disput!+OR+conflict!+OR+disagree!+OR+sanction!+OR+war+OR+troops+OR+%22letter+of+protest%22+OR+hostility+OR+%22shots+fired%22+OR+boycott+OR+protest!+OR+appeal+OR+intent+OR+reject+OR+threat!+OR+force+OR+coerce+OR+assault+OR+fight+OR+demand+OR+disapprove+OR+diploma!+OR+statement+OR+memorandum)+and+hlead(Benito+OR+Ntem)+and+not+hlead(ocean+OR+navigat!+OR+nuclear+OR+%22water+cannon%22+OR+%22light+water+reactor%22+OR+%22mineral+water%22+OR+%22hold+water%22+OR+%22cold+water%22+OR+%22hot+water%22+OR+%22water+canister%22+OR+%22water+tight%22+OR+%22+water+down%22+OR+%22flood+of+refugees%22+OR+Rivera+OR+Suez+OR+Panama+OR+oil+OR+drugs+OR+%22three+gorges%22+OR+waterski+OR+watermelon+OR+dishwater+OR+waterproof+OR+%E2%80%9Cwater+resistant%E2%80%9D+OR+%E2%80%9Cwater+bath%E2%80%9D+)&pdsearchtype=SearchBox&pdtypeofsearch=searchboxclick&pdsf=&pdquerytemplateid=&pdtimeline=06%2F30%2F2008to07%2F01%2F2023%7Cdatebetween&pdfromadvancedsearchpage=true&ecomp=qxLg9kk&earg=pdpsf&prid=fea21021-dc37-4a81-b832-05155671fa9c
A25: BIAX | B25: Bia | C25: Molly | D25: Y (1 July 2023) | E25: 1 July 2023 - 15 March 2024 | F25: Y | G25: BIAX_excel.xlsx | H25: Y | I25: https://advance-lexis-com.ezproxy.library.tufts.edu/search/?pdmfid=1516831&crid=92b2a1b4-db1b-411e-8c2e-920b95ed23da&pdpsf=&pdpost=&pdstartin=urn%3Ahlct%3A16&pdsearchterms=hlead(*water*+OR+river*+OR+lake+OR+dam+OR+stream+OR+tributary+OR+diversion+OR+irrigation+OR+pollution+OR+water+quality+OR+flood!+OR+drought!+OR+channel+OR+canal+OR+hydroelect!+OR+reservoir+OR+groundwater+OR+aquifer+OR+drought+OR+recharge+OR+%22water+table%22+OR+%22bore+hole%22)+and+hlead(treaty+OR+agree!+OR+negotiat!+OR+resolution+OR+commission+OR+secretariat+OR+joint+management+OR+basin+management+OR+peace+OR+accord+OR+%22peace+accord%22+OR+settle!+OR+cooperat!+OR+collaborat!+OR+disput!+OR+conflict!+OR+disagree!+OR+sanction!+OR+war+OR+troops+OR+%22letter+of+protest%22+OR+hostility+OR+%22shots+fired%22+OR+boycott+OR+protest!+OR+appeal+OR+intent+OR+reject+OR+threat!+OR+force+OR+coerce+OR+assault+OR+fight+OR+demand+OR+disapprove+OR+diploma!+OR+statement+OR+memorandum)+and+hlead(Bia)+and+not+hlead(ocean+OR+navigat!+OR+nuclear+OR+%22water+cannon%22+OR+%22light+water+reactor%22+OR+%22mineral+water%22+OR+%22hold+water%22+OR+%22cold+water%22+OR+%22hot+water%22+OR+%22water+canister%22+OR+%22water+tight%22+OR+%22+water+down%22+OR+%22flood+of+refugees%22+OR+Rivera+OR+Suez+OR+Panama+OR+oil+OR+drugs+OR+%22three+gorges%22+OR+waterski+OR+watermelon+OR+dishwater+OR+waterproof+OR+%22water+resistant%22+OR+%22water+bath%22+)&pdsearchtype=SearchBox&pdtypeofsearch=searchboxclick&pdsf=&pdquerytemplateid=&pdtimeline=undefined%7Calldates&pdfromadvancedsearchpage=true&ecomp=xxLg9kk&earg=pdpsf&prid=23f3da92-673e-45a2-9b9e-22ed73f58158
A26: BLUN | B26: Beilun | C26: Raunaq | D26: Y (1 July 2023) | E26: 1 July 2023 - 15 March 2024 | F26: Y | G26: BLUN_excel.xlsx | H26: Y | I26: https://advance-lexis-com.ezproxy.library.tufts.edu/search/?pdmfid=1516831&crid=e888d314-77f7-4e3f-a2f1-865073da9bbc&pdpsf=&pdpost=&pdstartin=urn%3Ahlct%3A16&pdsearchterms=hlead(*water*+OR+river*+OR+lake+OR+dam+OR+stream+OR+tributary+OR+diversion+OR+irrigation+OR+pollution+OR+water+quality+OR+flood!+OR+drought!+OR+channel+OR+canal+OR+hydroelect!+OR+reservoir+OR+groundwater+OR+aquifer+OR+drought+OR+recharge+OR+%22water+table%22+OR+%22bore+hole%22)+and+hlead(treaty+OR+agree!+OR+negotiat!+OR+resolution+OR+commission+OR+secretariat+OR+joint+management+OR+basin+management+OR+peace+OR+accord+OR+%22peace+accord%22+OR+settle!+OR+cooperat!+OR+collaborat!+OR+disput!+OR+conflict!+OR+disagree!+OR+sanction!+OR+war+OR+troops+OR+%22letter+of+protest%22+OR+hostility+OR+%22shots+fired%22+OR+boycott+OR+protest!+OR+appeal+OR+intent+OR+reject+OR+threat!+OR+force+OR+coerce+OR+assault+OR+fight+OR+demand+OR+disapprove+OR+diploma!+OR+statement+OR+memorandum)+and+hlead(Beilun)+and+not+hlead(ocean+OR+navigat!+OR+nuclear+OR+%22water+cannon%22+OR+%22light+water+reactor%22+OR+%22mineral+water%22+OR+%22hold+water%22+OR+%22cold+water%22+OR+%22hot+water%22+OR+%22water+canister%22+OR+%22water+tight%22+OR+%22+water+down%22+OR+%22flood+of+refugees%22+OR+Rivera+OR+Suez+OR+Panama+OR+oil+OR+drugs+OR+%22three+gorges%22+OR+waterski+OR+watermelon+OR+dishwater+OR+waterproof+OR+%22water+resistant%22+OR+%22water+bath%22+)&pdsearchtype=SearchBox&pdtypeofsearch=searchboxclick&pdsf=&pdquerytemplateid=&pdtimeline=undefined%7Calldates&pdfromadvancedsearchpage=true&ecomp=xxLg9kk&earg=pdpsf&prid=23f3da92-673e-45a2-9b9e-22ed73f58158
A27: BLZE | B27: Belize | C27: Molly | D27: Y (1 July 2023) | E27: 1 July 2023 - 15 March 2024 | F27: Y | G27: BLZE_excel.xlsx | H27: Y | I27: https://advance-lexis-com.ezproxy.library.tufts.edu/search/?pdmfid=1516831&crid=f7b4e445-5373-4006-aeb7-2496d0d52126&pdpsf=&pdpost=&pdstartin=urn%3Ahlct%3A16&pdsearchterms=hlead(*water*+OR+river*+OR+lake+OR+dam+OR+stream+OR+tributary+OR+diversion+OR+irrigation+OR+pollution+OR+water+quality+OR+flood!+OR+drought!+OR+channel+OR+canal+OR+hydroelect!+OR+reservoir+OR+groundwater+OR+aquifer+OR+drought+OR+recharge+OR+%22water+table%22+OR+%22bore+hole%22)+and+hlead(treaty+OR+agree!+OR+negotiat!+OR+resolution+OR+commission+OR+secretariat+OR+joint+management+OR+basin+management+OR+peace+OR+accord+OR+%22peace+accord%22+OR+settle!+OR+cooperat!+OR+collaborat!+OR+disput!+OR+conflict!+OR+disagree!+OR+sanction!+OR+war+OR+troops+OR+%22letter+of+protest%22+OR+hostility+OR+%22shots+fired%22+OR+boycott+OR+protest!+OR+appeal+OR+intent+OR+reject+OR+threat!+OR+force+OR+coerce+OR+assault+OR+fight+OR+demand+OR+disapprove+OR+diploma!+OR+statement+OR+memorandum)+and+hlead(Belize+OR+Mopan)+and+not+hlead(ocean+OR+navigat!+OR+nuclear+OR+%22water+cannon%22+OR+%22light+water+reactor%22+OR+%22mineral+water%22+OR+%22hold+water%22+OR+%22cold+water%22+OR+%22hot+water%22+OR+%22water+canister%22+OR+%22water+tight%22+OR+%22+water+down%22+OR+%22flood+of+refugees%22+OR+Rivera+OR+Suez+OR+Panama+OR+oil+OR+drugs+OR+%22three+gorges%22+OR+waterski+OR+watermelon+OR+dishwater+OR+waterproof+OR+%22water+resistant%22+OR+%22water+bath%22+)&pdsearchtype=SearchBox&pdtypeofsearch=searchboxclick&pdsf=&pdquerytemplateid=&pdtimeline=undefined%7Calldates&pdfromadvancedsearchpage=true&ecomp=xxLg9kk&earg=pdpsf&prid=23f3da92-673e-45a2-9b9e-22ed73f58158
A28: BNGU | B28: Bangau | C28: Raunaq | D28: Y (1 July 2023) | E28: 1 July 2023 - 15 March 2024 | F28: Y | G28: BNGU_excel.xlsx | H28: Y | I28: https://advance-lexis-com.ezproxy.library.tufts.edu/search/?pdmfid=1516831&crid=180415c0-8e43-4520-8653-869158ff96bf&pdpsf=&pdpost=&pdstartin=urn%3Ahlct%3A16&pdsearchterms=hlead(*water*+OR+river*+OR+lake+OR+dam+OR+stream+OR+tributary+OR+diversion+OR+irrigation+OR+pollution+OR+water+quality+OR+flood!+OR+drought!+OR+channel+OR+canal+OR+hydroelect!+OR+reservoir+OR+groundwater+OR+aquifer+OR+drought+OR+recharge+OR+%22water+table%22+OR+%22bore+hole%22)+and+hlead(treaty+OR+agree!+OR+negotiat!+OR+resolution+OR+commission+OR+secretariat+OR+joint+management+OR+basin+management+OR+peace+OR+accord+OR+%22peace+accord%22+OR+settle!+OR+cooperat!+OR+collaborat!+OR+disput!+OR+conflict!+OR+disagree!+OR+sanction!+OR+war+OR+troops+OR+%22letter+of+protest%22+OR+hostility+OR+%22shots+fired%22+OR+boycott+OR+protest!+OR+appeal+OR+intent+OR+reject+OR+threat!+OR+force+OR+coerce+OR+assault+OR+fight+OR+demand+OR+disapprove+OR+diploma!+OR+statement+OR+memorandum)+and+hlead(Bangau)+and+not+hlead(ocean+OR+navigat!+OR+nuclear+OR+%22water+cannon%22+OR+%22light+water+reactor%22+OR+%22mineral+water%22+OR+%22hold+water%22+OR+%22cold+water%22+OR+%22hot+water%22+OR+%22water+canister%22+OR+%22water+tight%22+OR+%22+water+down%22+OR+%22flood+of+refugees%22+OR+Rivera+OR+Suez+OR+Panama+OR+oil+OR+drugs+OR+%22three+gorges%22+OR+waterski+OR+watermelon+OR+dishwater+OR+waterproof+OR+%22water+resistant%22+OR+%22water+bath%22+)&pdsearchtype=SearchBox&pdtypeofsearch=searchboxclick&pdsf=&pdquerytemplateid=&pdtimeline=undefined%7Calldates&pdfromadvancedsearchpage=true&ecomp=xxLg9kk&earg=pdpsf&prid=23f3da92-673e-45a2-9b9e-22ed73f58158
A29: BNSA | B29: Oued Bou Namoussa | C29: Raunaq | D29: Y (1 July 2023) | E29: 1 July 2023 - 15 March 2024 | G29: No results | I29: https://advance-lexis-com.ezproxy.library.tufts.edu/search/?pdmfid=1516831&crid=41dc382b-a91d-42df-85a9-8090b5e4ac77&pdpsf=&pdpost=&pdstartin=urn%3Ahlct%3A16&pdsearchterms=hlead(*water*+OR+river*+OR+lake+OR+dam+OR+stream+OR+tributary+OR+diversion+OR+irrigation+OR+pollution+OR+water+quality+OR+flood!+OR+drought!+OR+channel+OR+canal+OR+hydroelect!+OR+reservoir+OR+groundwater+OR+aquifer+OR+drought+OR+recharge+OR+%22water+table%22+OR+%22bore+hole%22)+and+hlead(treaty+OR+agree!+OR+negotiat!+OR+resolution+OR+commission+OR+secretariat+OR+joint+management+OR+basin+management+OR+peace+OR+accord+OR+%22peace+accord%22+OR+settle!+OR+cooperat!+OR+collaborat!+OR+disput!+OR+conflict!+OR+disagree!+OR+sanction!+OR+war+OR+troops+OR+%22letter+of+protest%22+OR+hostility+OR+%22shots+fired%22+OR+boycott+OR+protest!+OR+appeal+OR+intent+OR+reject+OR+threat!+OR+force+OR+coerce+OR+assault+OR+fight+OR+demand+OR+disapprove+OR+diploma!+OR+statement+OR+memorandum)+and+hlead(Oued+Bou+Namoussa)+and+not+hlead(ocean+OR+navigat!+OR+nuclear+OR+%22water+cannon%22+OR+%22light+water+reactor%22+OR+%22mineral+water%22+OR+%22hold+water%22+OR+%22cold+water%22+OR+%22hot+water%22+OR+%22water+canister%22+OR+%22water+tight%22+OR+%22+water+down%22+OR+%22flood+of+refugees%22+OR+Rivera+OR+Suez+OR+Panama+OR+oil+OR+drugs+OR+%22three+gorges%22+OR+waterski+OR+watermelon+OR+dishwater+OR+waterproof+OR+%22water+resistant%22+OR+%22water+bath%22+)&pdsearchtype=SearchBox&pdtypeofsearch=searchboxclick&pdsf=&pdquerytemplateid=&pdtimeline=undefined%7Calldates&pdfromadvancedsearchpage=true&ecomp=xxLg9kk&earg=pdpsf&prid=23f3da92-673e-45a2-9b9e-22ed73f58158
A30: BRBY | B30: Berbyelva | C30: Raunaq | D30: Y (1 July 2023) | E30: 1 July 2023 - 15 March 2024 | G30: No results | I30: https://advance-lexis-com.ezproxy.library.tufts.edu/search/?pdmfid=1516831&crid=5cfdbf52-01c6-4ea6-a2f1-45a00a7aa495&pdpsf=&pdpost=&pdstartin=urn%3Ahlct%3A16&pdsearchterms=hlead(*water*+OR+river*+OR+lake+OR+dam+OR+stream+OR+tributary+OR+diversion+OR+irrigation+OR+pollution+OR+water+quality+OR+flood!+OR+drought!+OR+channel+OR+canal+OR+hydroelect!+OR+reservoir+OR+groundwater+OR+aquifer+OR+drought+OR+recharge+OR+%22water+table%22+OR+%22bore+hole%22)+and+hlead(treaty+OR+agree!+OR+negotiat!+OR+resolution+OR+commission+OR+secretariat+OR+joint+management+OR+basin+management+OR+peace+OR+accord+OR+%22peace+accord%22+OR+settle!+OR+cooperat!+OR+collaborat!+OR+disput!+OR+conflict!+OR+disagree!+OR+sanction!+OR+war+OR+troops+OR+%22letter+of+protest%22+OR+hostility+OR+%22shots+fired%22+OR+boycott+OR+protest!+OR+appeal+OR+intent+OR+reject+OR+threat!+OR+force+OR+coerce+OR+assault+OR+fight+OR+demand+OR+disapprove+OR+diploma!+OR+statement+OR+memorandum)+and+hlead(Berbyelva)+and+not+hlead(ocean+OR+navigat!+OR+nuclear+OR+%22water+cannon%22+OR+%22light+water+reactor%22+OR+%22mineral+water%22+OR+%22hold+water%22+OR+%22cold+water%22+OR+%22hot+water%22+OR+%22water+canister%22+OR+%22water+tight%22+OR+%22+water+down%22+OR+%22flood+of+refugees%22+OR+Rivera+OR+Suez+OR+Panama+OR+oil+OR+drugs+OR+%22three+gorges%22+OR+waterski+OR+watermelon+OR+dishwater+OR+waterproof+OR+%22water+resistant%22+OR+%22water+bath%22+)&pdsearchtype=SearchBox&pdtypeofsearch=searchboxclick&pdsf=&pdquerytemplateid=&pdtimeline=undefined%7Calldates&pdfromadvancedsearchpage=true&ecomp=xxLg9kk&earg=pdpsf&prid=23f3da92-673e-45a2-9b9e-22ed73f58158
A31: BRKA | B31: Baraka | C31: Raunaq | D31: Y (1 July 2023) | E31: 1 July 2023 - 15 March 2024 | F31: Y | G31: BRKA_excel.xlsx | H31: Y | I31: https://advance-lexis-com.ezproxy.library.tufts.edu/search/?pdmfid=1516831&crid=a82cb786-4b70-48df-b5a3-d11279eb2ba7&pdpsf=&pdpost=&pdstartin=urn%3Ahlct%3A16&pdsearchterms=hlead(*water*+OR+river*+OR+lake+OR+dam+OR+stream+OR+tributary+OR+diversion+OR+irrigation+OR+pollution+OR+water+quality+OR+flood!+OR+drought!+OR+channel+OR+canal+OR+hydroelect!+OR+reservoir+OR+groundwater+OR+aquifer+OR+drought+OR+recharge+OR+%22water+table%22+OR+%22bore+hole%22)+and+hlead(treaty+OR+agree!+OR+negotiat!+OR+resolution+OR+commission+OR+secretariat+OR+joint+management+OR+basin+management+OR+peace+OR+accord+OR+%22peace+accord%22+OR+settle!+OR+cooperat!+OR+collaborat!+OR+disput!+OR+conflict!+OR+disagree!+OR+sanction!+OR+war+OR+troops+OR+%22letter+of+protest%22+OR+hostility+OR+%22shots+fired%22+OR+boycott+OR+protest!+OR+appeal+OR+intent+OR+reject+OR+threat!+OR+force+OR+coerce+OR+assault+OR+fight+OR+demand+OR+disapprove+OR+diploma!+OR+statement+OR+memorandum)+and+hlead(Baraka)+and+not+hlead(ocean+OR+navigat!+OR+nuclear+OR+%22water+cannon%22+OR+%22light+water+reactor%22+OR+%22mineral+water%22+OR+%22hold+water%22+OR+%22cold+water%22+OR+%22hot+water%22+OR+%22water+canister%22+OR+%22water+tight%22+OR+%22+water+down%22+OR+%22flood+of+refugees%22+OR+Rivera+OR+Suez+OR+Panama+OR+oil+OR+drugs+OR+%22three+gorges%22+OR+waterski+OR+watermelon+OR+dishwater+OR+waterproof+OR+%22water+resistant%22+OR+%22water+bath%22+)&pdsearchtype=SearchBox&pdtypeofsearch=searchboxclick&pdsf=&pdquerytemplateid=&pdtimeline=undefined%7Calldates&pdfromadvancedsearchpage=true&ecomp=xxLg9kk&earg=pdpsf&prid=23f3da92-673e-45a2-9b9e-22ed73f58158
A32: BRMA | B32: Barima | C32: Raunaq | D32: Y (1 July 2023) | E32: 1 July 2023 - 15 March 2024 | F32: Y | G32: BRMA_excel.xlsx | H32: Y | I32: https://advance-lexis-com.ezproxy.library.tufts.edu/search/?pdmfid=1516831&crid=cbc2aefd-5148-4695-98b2-d760dfa96dc4&pdpsf=&pdpost=&pdstartin=urn%3Ahlct%3A16&pdsearchterms=hlead(*water*+OR+river*+OR+lake+OR+dam+OR+stream+OR+tributary+OR+diversion+OR+irrigation+OR+pollution+OR+water+quality+OR+flood!+OR+drought!+OR+channel+OR+canal+OR+hydroelect!+OR+reservoir+OR+groundwater+OR+aquifer+OR+drought+OR+recharge+OR+%22water+table%22+OR+%22bore+hole%22)+and+hlead(treaty+OR+agree!+OR+negotiat!+OR+resolution+OR+commission+OR+secretariat+OR+joint+management+OR+basin+management+OR+peace+OR+accord+OR+%22peace+accord%22+OR+settle!+OR+cooperat!+OR+collaborat!+OR+disput!+OR+conflict!+OR+disagree!+OR+sanction!+OR+war+OR+troops+OR+%22letter+of+protest%22+OR+hostility+OR+%22shots+fired%22+OR+boycott+OR+protest!+OR+appeal+OR+intent+OR+reject+OR+threat!+OR+force+OR+coerce+OR+assault+OR+fight+OR+demand+OR+disapprove+OR+diploma!+OR+statement+OR+memorandum)+and+hlead(Barima)+and+not+hlead(ocean+OR+navigat!+OR+nuclear+OR+%22water+cannon%22+OR+%22light+water+reactor%22+OR+%22mineral+water%22+OR+%22hold+water%22+OR+%22cold+water%22+OR+%22hot+water%22+OR+%22water+canister%22+OR+%22water+tight%22+OR+%22+water+down%22+OR+%22flood+of+refugees%22+OR+Rivera+OR+Suez+OR+Panama+OR+oil+OR+drugs+OR+%22three+gorges%22+OR+waterski+OR+watermelon+OR+dishwater+OR+waterproof+OR+%22water+resistant%22+OR+%22water+bath%22+)&pdsearchtype=SearchBox&pdtypeofsearch=searchboxclick&pdsf=&pdquerytemplateid=&pdtimeline=undefined%7Calldates&pdfromadvancedsearchpage=true&ecomp=xxLg9kk&earg=pdpsf&prid=23f3da92-673e-45a2-9b9e-22ed73f58158
A33: BRTA | B33: Barta | C33: Raunaq | D33: Y (1 July 2023) | E33: 1 July 2023 - 15 March 2024 | F33: Y | G33: BRTA_excel.xlsx | H33: Y | I33: https://advance-lexis-com.ezproxy.library.tufts.edu/search/?pdmfid=1516831&crid=83bf363b-a1d9-444b-857d-cc3861d0b5be&pdpsf=&pdpost=&pdstartin=urn%3Ahlct%3A16&pdsearchterms=hlead(*water*+OR+river*+OR+lake+OR+dam+OR+stream+OR+tributary+OR+diversion+OR+irrigation+OR+pollution+OR+water+quality+OR+flood!+OR+drought!+OR+channel+OR+canal+OR+hydroelect!+OR+reservoir+OR+groundwater+OR+aquifer+OR+drought+OR+recharge+OR+%22water+table%22+OR+%22bore+hole%22)+and+hlead(treaty+OR+agree!+OR+negotiat!+OR+resolution+OR+commission+OR+secretariat+OR+joint+management+OR+basin+management+OR+peace+OR+accord+OR+%22peace+accord%22+OR+settle!+OR+cooperat!+OR+collaborat!+OR+disput!+OR+conflict!+OR+disagree!+OR+sanction!+OR+war+OR+troops+OR+%22letter+of+protest%22+OR+hostility+OR+%22shots+fired%22+OR+boycott+OR+protest!+OR+appeal+OR+intent+OR+reject+OR+threat!+OR+force+OR+coerce+OR+assault+OR+fight+OR+demand+OR+disapprove+OR+diploma!+OR+statement+OR+memorandum)+and+hlead(Barta)+and+not+hlead(ocean+OR+navigat!+OR+nuclear+OR+%22water+cannon%22+OR+%22light+water+reactor%22+OR+%22mineral+water%22+OR+%22hold+water%22+OR+%22cold+water%22+OR+%22hot+water%22+OR+%22water+canister%22+OR+%22water+tight%22+OR+%22+water+down%22+OR+%22flood+of+refugees%22+OR+Rivera+OR+Suez+OR+Panama+OR+oil+OR+drugs+OR+%22three+gorges%22+OR+waterski+OR+watermelon+OR+dishwater+OR+waterproof+OR+%22water+resistant%22+OR+%22water+bath%22+)&pdsearchtype=SearchBox&pdtypeofsearch=searchboxclick&pdsf=&pdquerytemplateid=&pdtimeline=undefined%7Calldates&pdfromadvancedsearchpage=true&ecomp=xxLg9kk&earg=pdpsf&prid=23f3da92-673e-45a2-9b9e-22ed73f58158
A34: BUZI | B34: Buzi | C34: Selena | D34: N | E34: Update Sheet to 15 March 2024 | F34: Y | G34: BUZI_excel.xlsx | H34: Y | I34: https://advance-lexis-com.ezproxy.library.tufts.edu/search/?pdmfid=1516831&crid=4cf3c068-91d1-4158-8a98-9c24e56be26b&pdpsf=&pdpost=&pdstartin=urn%3Ahlct%3A16&pdsearchterms=hlead(*water*+OR+river*+OR+lake+OR+dam+OR+stream+OR+tributary+OR+diversion+OR+irrigation+OR+pollution+OR+water+quality+OR+flood!+OR+drought!+OR+channel+OR+canal+OR+hydroelect!+OR+reservoir+OR+groundwater+OR+aquifer+OR+drought+OR+recharge+OR+%22water+table%22+OR+%22bore+hole%22)+and+hlead(treaty+OR+agree!+OR+negotiat!+OR+resolution+OR+commission+OR+secretariat+OR+joint+management+OR+basin+management+OR+peace+OR+accord+OR+%22peace+accord%22+OR+settle!+OR+cooperat!+OR+collaborat!+OR+disput!+OR+conflict!+OR+disagree!+OR+sanction!+OR+war+OR+troops+OR+%22letter+of+protest%22+OR+hostility+OR+%22shots+fired%22+OR+boycott+OR+protest!+OR+appeal+OR+intent+OR+reject+OR+threat!+OR+force+OR+coerce+OR+assault+OR+fight+OR+demand+OR+disapprove+OR+diploma!+OR+statement+OR+memorandum)+and+hlead(Buzi+OR+Rio+Revue+OR+Chibudzana+OR+Nyanhombo+OR+CAPS(Rio)+OR+Sterkstroom)+and+not+hlead(ocean+OR+navigat!+OR+nuclear+OR+%22water+cannon%22+OR+%22light+water+reactor%22+OR+%22mineral+water%22+OR+%22hold+water%22+OR+%22cold+water%22+OR+%22hot+water%22+OR+%22water+canister%22+OR+%22water+tight%22+OR+%22+water+down%22+OR+%22flood+of+refugees%22+OR+Rivera+OR+Suez+OR+Panama+OR+oil+OR+drugs+OR+%22three+gorges%22+OR+waterski+OR+watermelon+OR+dishwater+OR+waterproof+OR+%E2%80%9Cwater+resistant%E2%80%9D+OR+%E2%80%9Cwater+bath%E2%80%9D+)&pdsearchtype=SearchBox&pdtypeofsearch=searchboxclick&pdsf=&pdquerytemplateid=&pdtimeline=undefined%7Calldates&pdfromadvancedsearchpage=true&ecomp=wxLg9kk&earg=pdpsf&prid=5923a166-d96f-4896-be04-8b410ab9a20e
A35: CAET | B35: Caetani | C35: Raunaq | D35: Y (1 July 2023) | E35: 1 July 2023 - 15 March 2024 | F35: Y | G35: CAET_excel.xlsx | H35: Y | I35: https://advance-lexis-com.ezproxy.library.tufts.edu/search/?pdmfid=1516831&crid=8dc38fb9-1dca-4aea-a498-1a9a71a4b044&pdpsf=&pdpost=&pdstartin=urn%3Ahlct%3A16&pdsearchterms=hlead(*water*+OR+river*+OR+lake+OR+dam+OR+stream+OR+tributary+OR+diversion+OR+irrigation+OR+pollution+OR+water+quality+OR+flood!+OR+drought!+OR+channel+OR+canal+OR+hydroelect!+OR+reservoir+OR+groundwater+OR+aquifer+OR+drought+OR+recharge+OR+%22water+table%22+OR+%22bore+hole%22)+and+hlead(treaty+OR+agree!+OR+negotiat!+OR+resolution+OR+commission+OR+secretariat+OR+joint+management+OR+basin+management+OR+peace+OR+accord+OR+%22peace+accord%22+OR+settle!+OR+cooperat!+OR+collaborat!+OR+disput!+OR+conflict!+OR+disagree!+OR+sanction!+OR+war+OR+troops+OR+%22letter+of+protest%22+OR+hostility+OR+%22shots+fired%22+OR+boycott+OR+protest!+OR+appeal+OR+intent+OR+reject+OR+threat!+OR+force+OR+coerce+OR+assault+OR+fight+OR+demand+OR+disapprove+OR+diploma!+OR+statement+OR+memorandum)+and+hlead(Caetani)+and+not+hlead(ocean+OR+navigat!+OR+nuclear+OR+%22water+cannon%22+OR+%22light+water+reactor%22+OR+%22mineral+water%22+OR+%22hold+water%22+OR+%22cold+water%22+OR+%22hot+water%22+OR+%22water+canister%22+OR+%22water+tight%22+OR+%22+water+down%22+OR+%22flood+of+refugees%22+OR+Rivera+OR+Suez+OR+Panama+OR+oil+OR+drugs+OR+%22three+gorges%22+OR+waterski+OR+watermelon+OR+dishwater+OR+waterproof+OR+%22water+resistant%22+OR+%22water+bath%22+)&pdsearchtype=SearchBox&pdtypeofsearch=searchboxclick&pdsf=&pdquerytemplateid=&pdtimeline=undefined%7Calldates&pdfromadvancedsearchpage=true&ecomp=xxLg9kk&earg=pdpsf&prid=23f3da92-673e-45a2-9b9e-22ed73f58158
A36: CAXX | B36: Ca/Song Lam | C36: Selena | D36: N | E36: Update Sheet to 15 March 2024 | F36: Y | G36: CAXX_excel.xlsx | H36: Y | I36: https://advance-lexis-com.ezproxy.library.tufts.edu/search/?pdmfid=1516831&crid=4345e65f-f82e-4ac4-a27f-aa5d25e37c8d&pdpsf=&pdpost=&pdstartin=urn%3Ahlct%3A16&pdsearchterms=hlead(*water*+OR+river*+OR+lake+OR+dam+OR+stream+OR+tributary+OR+diversion+OR+irrigation+OR+pollution+OR+water+quality+OR+flood!+OR+drought!+OR+channel+OR+canal+OR+hydroelect!+OR+reservoir+OR+groundwater+OR+aquifer+OR+drought+OR+recharge+OR+%22water+table%22+OR+%22bore+hole%22)+and+hlead(treaty+OR+agree!+OR+negotiat!+OR+resolution+OR+commission+OR+secretariat+OR+joint+management+OR+basin+management+OR+peace+OR+accord+OR+%22peace+accord%22+OR+settle!+OR+cooperat!+OR+collaborat!+OR+disput!+OR+conflict!+OR+disagree!+OR+sanction!+OR+war+OR+troops+OR+%22letter+of+protest%22+OR+hostility+OR+%22shots+fired%22+OR+boycott+OR+protest!+OR+appeal+OR+intent+OR+reject+OR+threat!+OR+force+OR+coerce+OR+assault+OR+fight+OR+demand+OR+disapprove+OR+diploma!+OR+statement+OR+memorandum)+and+hlead(Ca+OR+Song+Lam)+and+not+hlead(ocean+OR+navigat!+OR+nuclear+OR+%22water+cannon%22+OR+%22light+water+reactor%22+OR+%22mineral+water%22+OR+%22hold+water%22+OR+%22cold+water%22+OR+%22hot+water%22+OR+%22water+canister%22+OR+%22water+tight%22+OR+%22+water+down%22+OR+%22flood+of+refugees%22+OR+Rivera+OR+Suez+OR+Panama+OR+oil+OR+drugs+OR+%22three+gorges%22+OR+waterski+OR+watermelon+OR+dishwater+OR+waterproof+OR+%E2%80%9Cwater+resistant%E2%80%9D+OR+%E2%80%9Cwater+bath%E2%80%9D+)&pdsearchtype=SearchBox&pdtypeofsearch=searchboxclick&pdsf=&pdquerytemplateid=&pdtimeline=undefined%7Calldates&pdfromadvancedsearchpage=true&ecomp=wxLg9kk&earg=pdpsf&prid=5923a166-d96f-4896-be04-8b410ab9a20e
A37: CDLR | B37: Candelaria | C37: Raunaq | D37: Y (1 July 2023) | E37: 1 July 2023 - 15 March 2024 | F37: Y | G37: CDLR_excel.xlsx | H37: Y | I37: https://advance-lexis-com.ezproxy.library.tufts.edu/search/?pdmfid=1516831&crid=4a02d1eb-ab6e-4993-a8db-953c415e9da5&pdpsf=&pdpost=&pdstartin=urn%3Ahlct%3A16&pdsearchterms=hlead(*water*+OR+river*+OR+lake+OR+dam+OR+stream+OR+tributary+OR+diversion+OR+irrigation+OR+pollution+OR+water+quality+OR+flood!+OR+drought!+OR+channel+OR+canal+OR+hydroelect!+OR+reservoir+OR+groundwater+OR+aquifer+OR+drought+OR+recharge+OR+%22water+table%22+OR+%22bore+hole%22)+and+hlead(treaty+OR+agree!+OR+negotiat!+OR+resolution+OR+commission+OR+secretariat+OR+joint+management+OR+basin+management+OR+peace+OR+accord+OR+%22peace+accord%22+OR+settle!+OR+cooperat!+OR+collaborat!+OR+disput!+OR+conflict!+OR+disagree!+OR+sanction!+OR+war+OR+troops+OR+%22letter+of+protest%22+OR+hostility+OR+%22shots+fired%22+OR+boycott+OR+protest!+OR+appeal+OR+intent+OR+reject+OR+threat!+OR+force+OR+coerce+OR+assault+OR+fight+OR+demand+OR+disapprove+OR+diploma!+OR+statement+OR+memorandum)+and+hlead(Candelaria)+and+not+hlead(ocean+OR+navigat!+OR+nuclear+OR+%22water+cannon%22+OR+%22light+water+reactor%22+OR+%22mineral+water%22+OR+%22hold+water%22+OR+%22cold+water%22+OR+%22hot+water%22+OR+%22water+canister%22+OR+%22water+tight%22+OR+%22+water+down%22+OR+%22flood+of+refugees%22+OR+Rivera+OR+Suez+OR+Panama+OR+oil+OR+drugs+OR+%22three+gorges%22+OR+waterski+OR+watermelon+OR+dishwater+OR+waterproof+OR+%22water+resistant%22+OR+%22water+bath%22+)&pdsearchtype=SearchBox&pdtypeofsearch=searchboxclick&pdsf=&pdquerytemplateid=&pdtimeline=undefined%7Calldates&pdfromadvancedsearchpage=true&ecomp=xxLg9kk&earg=pdpsf&prid=23f3da92-673e-45a2-9b9e-22ed73f58158
A38: CGNL | B38: Changuinola | C38: Raunaq | D38: Y (1 July 2023) | E38: 1 July 2023 - 15 March 2024 | F38: Y | G38: CGNL_excel.xlsx | H38: Y | I38: https://advance-lexis-com.ezproxy.library.tufts.edu/search/?pdmfid=1516831&crid=edb82f26-b73e-449e-bf22-01365ce02f16&pdpsf=&pdpost=&pdstartin=urn%3Ahlct%3A16&pdsearchterms=hlead(*water*+OR+river*+OR+lake+OR+dam+OR+stream+OR+tributary+OR+diversion+OR+irrigation+OR+pollution+OR+water+quality+OR+flood!+OR+drought!+OR+channel+OR+canal+OR+hydroelect!+OR+reservoir+OR+groundwater+OR+aquifer+OR+drought+OR+recharge+OR+%22water+table%22+OR+%22bore+hole%22)+and+hlead(treaty+OR+agree!+OR+negotiat!+OR+resolution+OR+commission+OR+secretariat+OR+joint+management+OR+basin+management+OR+peace+OR+accord+OR+%22peace+accord%22+OR+settle!+OR+cooperat!+OR+collaborat!+OR+disput!+OR+conflict!+OR+disagree!+OR+sanction!+OR+war+OR+troops+OR+%22letter+of+protest%22+OR+hostility+OR+%22shots+fired%22+OR+boycott+OR+protest!+OR+appeal+OR+intent+OR+reject+OR+threat!+OR+force+OR+coerce+OR+assault+OR+fight+OR+demand+OR+disapprove+OR+diploma!+OR+statement+OR+memorandum)+and+hlead(Changuinola)+and+not+hlead(ocean+OR+navigat!+OR+nuclear+OR+%22water+cannon%22+OR+%22light+water+reactor%22+OR+%22mineral+water%22+OR+%22hold+water%22+OR+%22cold+water%22+OR+%22hot+water%22+OR+%22water+canister%22+OR+%22water+tight%22+OR+%22+water+down%22+OR+%22flood+of+refugees%22+OR+Rivera+OR+Suez+OR+Panama+OR+oil+OR+drugs+OR+%22three+gorges%22+OR+waterski+OR+watermelon+OR+dishwater+OR+waterproof+OR+%22water+resistant%22+OR+%22water+bath%22+)&pdsearchtype=SearchBox&pdtypeofsearch=searchboxclick&pdsf=&pdquerytemplateid=&pdtimeline=undefined%7Calldates&pdfromadvancedsearchpage=true&ecomp=xxLg9kk&earg=pdpsf&prid=23f3da92-673e-45a2-9b9e-22ed73f58158
A39: CHIC | B39: Carmen Silva/Chico | C39: Raunaq | D39: Y (1 July 2023) | E39: 1 July 2023 - 15 March 2024 | F39: Y | G39: CHIC_excel.xlsx | H39: Y | I39: https://advance-lexis-com.ezproxy.library.tufts.edu/search/?pdmfid=1516831&crid=d06c77df-579e-42f5-9551-f4566ff78792&pdpsf=&pdpost=&pdstartin=urn%3Ahlct%3A16&pdsearchterms=hlead(*water*+OR+river*+OR+lake+OR+dam+OR+stream+OR+tributary+OR+diversion+OR+irrigation+OR+pollution+OR+water+quality+OR+flood!+OR+drought!+OR+channel+OR+canal+OR+hydroelect!+OR+reservoir+OR+groundwater+OR+aquifer+OR+drought+OR+recharge+OR+%22water+table%22+OR+%22bore+hole%22)+and+hlead(treaty+OR+agree!+OR+negotiat!+OR+resolution+OR+commission+OR+secretariat+OR+joint+management+OR+basin+management+OR+peace+OR+accord+OR+%22peace+accord%22+OR+settle!+OR+cooperat!+OR+collaborat!+OR+disput!+OR+conflict!+OR+disagree!+OR+sanction!+OR+war+OR+troops+OR+%22letter+of+protest%22+OR+hostility+OR+%22shots+fired%22+OR+boycott+OR+protest!+OR+appeal+OR+intent+OR+reject+OR+threat!+OR+force+OR+coerce+OR+assault+OR+fight+OR+demand+OR+disapprove+OR+diploma!+OR+statement+OR+memorandum)+and+hlead(Carmen+Silva+OR+Chico)+and+not+hlead(ocean+OR+navigat!+OR+nuclear+OR+%22water+cannon%22+OR+%22light+water+reactor%22+OR+%22mineral+water%22+OR+%22hold+water%22+OR+%22cold+water%22+OR+%22hot+water%22+OR+%22water+canister%22+OR+%22water+tight%22+OR+%22+water+down%22+OR+%22flood+of+refugees%22+OR+Rivera+OR+Suez+OR+Panama+OR+oil+OR+drugs+OR+%22three+gorges%22+OR+waterski+OR+watermelon+OR+dishwater+OR+waterproof+OR+%22water+resistant%22+OR+%22water+bath%22+)&pdsearchtype=SearchBox&pdtypeofsearch=searchboxclick&pdsf=&pdquerytemplateid=&pdtimeline=undefined%7Calldates&pdfromadvancedsearchpage=true&ecomp=xxLg9kk&earg=pdpsf&prid=23f3da92-673e-45a2-9b9e-22ed73f58158
A40: CHIR | B40: Chira | C40: Raunaq | D40: Y (1 July 2023) | E40: 1 July 2023 - 15 March 2024 | F40: Y | G40: CHIR_excel.xlsx | H40: Y | I40: https://advance-lexis-com.ezproxy.library.tufts.edu/search/?pdmfid=1516831&crid=c7ab914a-5f9f-4dc7-be90-0adb54b29f4c&pdpsf=&pdpost=&pdstartin=urn%3Ahlct%3A16&pdsearchterms=hlead(*water*+OR+river*+OR+lake+OR+dam+OR+stream+OR+tributary+OR+diversion+OR+irrigation+OR+pollution+OR+water+quality+OR+flood!+OR+drought!+OR+channel+OR+canal+OR+hydroelect!+OR+reservoir+OR+groundwater+OR+aquifer+OR+drought+OR+recharge+OR+%22water+table%22+OR+%22bore+hole%22)+and+hlead(treaty+OR+agree!+OR+negotiat!+OR+resolution+OR+commission+OR+secretariat+OR+joint+management+OR+basin+management+OR+peace+OR+accord+OR+%22peace+accord%22+OR+settle!+OR+cooperat!+OR+collaborat!+OR+disput!+OR+conflict!+OR+disagree!+OR+sanction!+OR+war+OR+troops+OR+%22letter+of+protest%22+OR+hostility+OR+%22shots+fired%22+OR+boycott+OR+protest!+OR+appeal+OR+intent+OR+reject+OR+threat!+OR+force+OR+coerce+OR+assault+OR+fight+OR+demand+OR+disapprove+OR+diploma!+OR+statement+OR+memorandum)+and+hlead(Chira)+and+not+hlead(ocean+OR+navigat!+OR+nuclear+OR+%22water+cannon%22+OR+%22light+water+reactor%22+OR+%22mineral+water%22+OR+%22hold+water%22+OR+%22cold+water%22+OR+%22hot+water%22+OR+%22water+canister%22+OR+%22water+tight%22+OR+%22+water+down%22+OR+%22flood+of+refugees%22+OR+Rivera+OR+Suez+OR+Panama+OR+oil+OR+drugs+OR+%22three+gorges%22+OR+waterski+OR+watermelon+OR+dishwater+OR+waterproof+OR+%22water+resistant%22+OR+%22water+bath%22+)&pdsearchtype=SearchBox&pdtypeofsearch=searchboxclick&pdsf=&pdquerytemplateid=&pdtimeline=undefined%7Calldates&pdfromadvancedsearchpage=true&ecomp=xxLg9kk&earg=pdpsf&prid=23f3da92-673e-45a2-9b9e-22ed73f58158
A41: CHLT | B41: Choluteca | C41: Raunaq | D41: Y (1 July 2023) | E41: 1 July 2023 - 15 March 2024 | F41: Y | G41: CHLT_excel.xlsx | H41: Y | I41: https://advance-lexis-com.ezproxy.library.tufts.edu/search/?pdmfid=1516831&crid=d1d9aa4a-9463-4b32-a6a0-e894c7f37274&pdpsf=&pdpost=&pdstartin=urn%3Ahlct%3A16&pdsearchterms=hlead(*water*+OR+river*+OR+lake+OR+dam+OR+stream+OR+tributary+OR+diversion+OR+irrigation+OR+pollution+OR+water+quality+OR+flood!+OR+drought!+OR+channel+OR+canal+OR+hydroelect!+OR+reservoir+OR+groundwater+OR+aquifer+OR+drought+OR+recharge+OR+%22water+table%22+OR+%22bore+hole%22)+and+hlead(treaty+OR+agree!+OR+negotiat!+OR+resolution+OR+commission+OR+secretariat+OR+joint+management+OR+basin+management+OR+peace+OR+accord+OR+%22peace+accord%22+OR+settle!+OR+cooperat!+OR+collaborat!+OR+disput!+OR+conflict!+OR+disagree!+OR+sanction!+OR+war+OR+troops+OR+%22letter+of+protest%22+OR+hostility+OR+%22shots+fired%22+OR+boycott+OR+protest!+OR+appeal+OR+intent+OR+reject+OR+threat!+OR+force+OR+coerce+OR+assault+OR+fight+OR+demand+OR+disapprove+OR+diploma!+OR+statement+OR+memorandum)+and+hlead(Choluteca)+and+not+hlead(ocean+OR+navigat!+OR+nuclear+OR+%22water+cannon%22+OR+%22light+water+reactor%22+OR+%22mineral+water%22+OR+%22hold+water%22+OR+%22cold+water%22+OR+%22hot+water%22+OR+%22water+canister%22+OR+%22water+tight%22+OR+%22+water+down%22+OR+%22flood+of+refugees%22+OR+Rivera+OR+Suez+OR+Panama+OR+oil+OR+drugs+OR+%22three+gorges%22+OR+waterski+OR+watermelon+OR+dishwater+OR+waterproof+OR+%22water+resistant%22+OR+%22water+bath%22+)&pdsearchtype=SearchBox&pdtypeofsearch=searchboxclick&pdsf=&pdquerytemplateid=&pdtimeline=undefined%7Calldates&pdfromadvancedsearchpage=true&ecomp=xxLg9kk&earg=pdpsf&prid=23f3da92-673e-45a2-9b9e-22ed73f58158
A42: CHUY | B42: Chuy | C42: Raunaq | D42: Y (1 July 2023) | E42: 1 July 2023 - 15 March 2024 | F42: Y | G42: CHUY_excel.xlsx | H42: Y | I42: https://advance-lexis-com.ezproxy.library.tufts.edu/search/?pdmfid=1516831&crid=632e06c9-07a1-4ca6-8e4b-bda84799c3ca&pdpsf=&pdpost=&pdstartin=urn%3Ahlct%3A16&pdsearchterms=hlead(*water*+OR+river*+OR+lake+OR+dam+OR+stream+OR+tributary+OR+diversion+OR+irrigation+OR+pollution+OR+water+quality+OR+flood!+OR+drought!+OR+channel+OR+canal+OR+hydroelect!+OR+reservoir+OR+groundwater+OR+aquifer+OR+drought+OR+recharge+OR+%22water+table%22+OR+%22bore+hole%22)+and+hlead(treaty+OR+agree!+OR+negotiat!+OR+resolution+OR+commission+OR+secretariat+OR+joint+management+OR+basin+management+OR+peace+OR+accord+OR+%22peace+accord%22+OR+settle!+OR+cooperat!+OR+collaborat!+OR+disput!+OR+conflict!+OR+disagree!+OR+sanction!+OR+war+OR+troops+OR+%22letter+of+protest%22+OR+hostility+OR+%22shots+fired%22+OR+boycott+OR+protest!+OR+appeal+OR+intent+OR+reject+OR+threat!+OR+force+OR+coerce+OR+assault+OR+fight+OR+demand+OR+disapprove+OR+diploma!+OR+statement+OR+memorandum)+and+hlead(Chuy)+and+not+hlead(ocean+OR+navigat!+OR+nuclear+OR+%22water+cannon%22+OR+%22light+water+reactor%22+OR+%22mineral+water%22+OR+%22hold+water%22+OR+%22cold+water%22+OR+%22hot+water%22+OR+%22water+canister%22+OR+%22water+tight%22+OR+%22+water+down%22+OR+%22flood+of+refugees%22+OR+Rivera+OR+Suez+OR+Panama+OR+oil+OR+drugs+OR+%22three+gorges%22+OR+waterski+OR+watermelon+OR+dishwater+OR+waterproof+OR+%22water+resistant%22+OR+%22water+bath%22+)&pdsearchtype=SearchBox&pdtypeofsearch=searchboxclick&pdsf=&pdquerytemplateid=&pdtimeline=undefined%7Calldates&pdfromadvancedsearchpage=true&ecomp=xxLg9kk&earg=pdpsf&prid=23f3da92-673e-45a2-9b9e-22ed73f58158
... A44: CLKT | B44: Chilkat | C44: Raunaq | D44: Y (1 July 2023) | E44: 1 July 2023 - 15 March 2024 | F44: Y | G44: CLKT_excel.xlsx | H44: Y | I44: https://advance-lexis-com.ezproxy.library.tufts.edu/search/?pdmfid=1516831&crid=c83ef7b4-c5f7-49f1-9c9a-903371d8b94d&pdpsf=&pdpost=&pdstartin=urn%3Ahlct%3A16&pdsearchterms=hlead(*water*+OR+river*+OR+lake+OR+dam+OR+stream+OR+tributary+OR+diversion+OR+irrigation+OR+pollution+OR+water+quality+OR+flood!+OR+drought!+OR+channel+OR+canal+OR+hydroelect!+OR+reservoir+OR+groundwater+OR+aquifer+OR+drought+OR+recharge+OR+%22water+table%22+OR+%22bore+hole%22)+and+hlead(treaty+OR+agree!+OR+negotiat!+OR+resolution+OR+commission+OR+secretariat+OR+joint+management+OR+basin+management+OR+peace+OR+accord+OR+%22peace+accord%22+OR+settle!+OR+cooperat!+OR+collaborat!+OR+disput!+OR+conflict!+OR+disagree!+OR+sanction!+OR+war+OR+troops+OR+%22letter+of+protest%22+OR+hostility+OR+%22shots+fired%22+OR+boycott+OR+protest!+OR+appeal+OR+intent+OR+reject+OR+threat!+OR+force+OR+coerce+OR+assault+OR+fight+OR+demand+OR+disapprove+OR+diploma!+OR+statement+OR+memorandum)+and+hlead(Chilkat)+and+not+hlead(ocean+OR+navigat!+OR+nuclear+OR+%22water+cannon%22+OR+%22light+water+reactor%22+OR+%22mineral+water%22+OR+%22hold+water%22+OR+%22cold+water%22+OR+%22hot+water%22+OR+%22water+canister%22+OR+%22water+tight%22+OR+%22+water+down%22+OR+%22flood+of+refugees%22+OR+Rivera+OR+Suez+OR+Panama+OR+oil+OR+drugs+OR+%22three+gorges%22+OR+waterski+OR+watermelon+OR+dishwater+OR+waterproof+OR+%22water+resistant%22+OR+%22water+bath%22+)&pdsearchtype=SearchBox&pdtypeofsearch=searchboxclick&pdsf=&pdquerytemplateid=&pdtimeline=undefined%7Calldates&pdfromadvancedsearchpage=true&ecomp=xxLg9kk&earg=pdpsf&prid=23f3da92-673e-45a2-9b9e-22ed73f58158
A45: CLMB | B45: Columbia | C45: Sukriti | D45: N | E45: Update Sheet to 15 March 2024 | F45: In Progress | I45: Search Not Running
A46: CLNG | B46: Chiloango | C46: Raunaq | D46: Y (1 July 2023) | E46: 1 July 2023 - 15 March 2024 | G46: No new results (1 total) | I46: https://advance-lexis-com.ezproxy.library.tufts.edu/search/?pdmfid=1516831&crid=8ee0d871-0154-4ed5-a30f-493d6eff1bd6&pdpsf=&pdpost=&pdstartin=urn%3Ahlct%3A16&pdsearchterms=hlead(*water*+OR+river*+OR+lake+OR+dam+OR+stream+OR+tributary+OR+diversion+OR+irrigation+OR+pollution+OR+water+quality+OR+flood!+OR+drought!+OR+channel+OR+canal+OR+hydroelect!+OR+reservoir+OR+groundwater+OR+aquifer+OR+drought+OR+recharge+OR+%22water+table%22+OR+%22bore+hole%22)+and+hlead(treaty+OR+agree!+OR+negotiat!+OR+resolution+OR+commission+OR+secretariat+OR+joint+management+OR+basin+management+OR+peace+OR+accord+OR+%22peace+accord%22+OR+settle!+OR+cooperat!+OR+collaborat!+OR+disput!+OR+conflict!+OR+disagree!+OR+sanction!+OR+war+OR+troops+OR+%22letter+of+protest%22+OR+hostility+OR+%22shots+fired%22+OR+boycott+OR+protest!+OR+appeal+OR+intent+OR+reject+OR+threat!+OR+force+OR+coerce+OR+assault+OR+fight+OR+demand+OR+disapprove+OR+diploma!+OR+statement+OR+memorandum)+and+hlead(Chiloango)+and+not+hlead(ocean+OR+navigat!+OR+nuclear+OR+%22water+cannon%22+OR+%22light+water+reactor%22+OR+%22mineral+water%22+OR+%22hold+water%22+OR+%22cold+water%22+OR+%22hot+water%22+OR+%22water+canister%22+OR+%22water+tight%22+OR+%22+water+down%22+OR+%22flood+of+refugees%22+OR+Rivera+OR+Suez+OR+Panama+OR+oil+OR+drugs+OR+%22three+gorges%22+OR+waterski+OR+watermelon+OR+dishwater+OR+waterproof+OR+%22water+resistant%22+OR+%22water+bath%22+)&pdsearchtype=SearchBox&pdtypeofsearch=searchboxclick&pdsf=&pdquerytemplateid=&pdtimeline=undefined%7Calldates&pdfromadvancedsearchpage=true&ecomp=xxLg9kk&earg=pdpsf&prid=23f3da92-673e-45a2-9b9e-22ed73f58158
A47: CNCS | B47: Cancoso/Lauca | C47: Raunaq | D47: Y (1 July 2023) | E47: 1 July 2023 - 15 March 2024 | F47: Y | G47: CNCS_excel.xlsx | H47: Y | I47: https://advance-lexis-com.ezproxy.library.tufts.edu/search/?pdmfid=1516831&crid=9f2ae588-eb46-47d6-a860-4c65475d23e6&pdpsf=&pdpost=&pdstartin=urn%3Ahlct%3A16&pdsearchterms=hlead(*water*+OR+river*+OR+lake+OR+dam+OR+stream+OR+tributary+OR+diversion+OR+irrigation+OR+pollution+OR+water+quality+OR+flood!+OR+drought!+OR+channel+OR+canal+OR+hydroelect!+OR+reservoir+OR+groundwater+OR+aquifer+OR+drought+OR+recharge+OR+%22water+table%22+OR+%22bore+hole%22)+and+hlead(treaty+OR+agree!+OR+negotiat!+OR+resolution+OR+commission+OR+secretariat+OR+joint+management+OR+basin+management+OR+peace+OR+accord+OR+%22peace+accord%22+OR+settle!+OR+cooperat!+OR+collaborat!+OR+disput!+OR+conflict!+OR+disagree!+OR+sanction!+OR+war+OR+troops+OR+%22letter+of+protest%22+OR+hostility+OR+%22shots+fired%22+OR+boycott+OR+protest!+OR+appeal+OR+intent+OR+reject+OR+threat!+OR+force+OR+coerce+OR+assault+OR+fight+OR+demand+OR+disapprove+OR+diploma!+OR+statement+OR+memorandum)+and+hlead(Cancoso+OR+Lauca+OR+Lagoon+de+Coipasa)+and+not+hlead(ocean+OR+navigat!+OR+nuclear+OR+%22water+cannon%22+OR+%22light+water+reactor%22+OR+%22mineral+water%22+OR+%22hold+water%22+OR+%22cold+water%22+OR+%22hot+water%22+OR+%22water+canister%22+OR+%22water+tight%22+OR+%22+water+down%22+OR+%22flood+of+refugees%22+OR+Rivera+OR+Suez+OR+Panama+OR+oil+OR+drugs+OR+%22three+gorges%22+OR+waterski+OR+watermelon+OR+dishwater+OR+waterproof+OR+%22water+resistant%22+OR+%22water+bath%22+)&pdsearchtype=SearchBox&pdtypeofsearch=searchboxclick&pdsf=&pdquerytemplateid=&pdtimeline=undefined%7Calldates&pdfromadvancedsearchpage=true&ecomp=xxLg9kk&earg=pdpsf&prid=23f3da92-673e-45a2-9b9e-22ed73f58158
A48: CNCT | B48: Connecticut | C48: Molly | D48: N | E48: Update Sheet to 15 March 2024 | F48: Y | G48: CNCT_excel.xlsx | I48: https://advance.lexis.com/search/?pdmfid=1516831&crid=1bbf0658-8491-4737-8bae-31be6ae878b8&pdpsf=&pdpost=&pdstartin=urn%3Ahlct%3A16&pdsearchterms=hlead(*water*+OR+river*+OR+lake+OR+dam+OR+stream+OR+tributary+OR+diversion+OR+irrigation+OR+pollution+OR+water+quality+OR+flood!+OR+drought!+OR+channel+OR+canal+OR+hydroelect!+OR+reservoir+OR+groundwater+OR+aquifer+OR+drought+OR+recharge+OR+%22water+table%22+OR+%22bore+hole%22)+and+hlead(treaty+OR+agree!+OR+negotiat!+OR+resolution+OR+commission+OR+secretariat+OR+joint+management+OR+basin+management+OR+peace+OR+accord+OR+%22peace+accord%22+OR+settle!+OR+cooperat!+OR+collaborat!+OR+disput!+OR+conflict!+OR+disagree!+OR+sanction!+OR+war+OR+troops+OR+%22letter+of+protest%22+OR+hostility+OR+%22shots+fired%22+OR+boycott+OR+protest!+OR+appeal+OR+intent+OR+reject+OR+threat!+OR+force+OR+coerce+OR+assault+OR+fight+OR+demand+OR+disapprove+OR+diploma!+OR+statement+OR+memorandum)+and+hlead(Connecticut)+and+not+hlead(ocean+OR+navigat!+OR+nuclear+OR+%22water+cannon%22+OR+%22light+water+reactor%22+OR+%22mineral+water%22+OR+%22hold+water%22+OR+%22cold+water%22+OR+%22hot+water%22+OR+%22water+canister%22+OR+%22water+tight%22+OR+%22+water+down%22+OR+%22flood+of+refugees%22+OR+Rivera+OR+Suez+OR+Panama+OR+oil+OR+drugs+OR+%22three+gorges%22+OR+waterski+OR+watermelon+OR+dishwater+OR+waterproof+OR+%E2%80%9Cwater+resistant%E2%80%9D+OR+%E2%80%9Cwater+bath%E2%80%9D)&pdsearchtype=SearchBox&pdtypeofsearch=searchboxclick&pdsf=&pdquerytemplateid=&pdtimeline=06%2F30%2F2008to07%2F01%2F2023%7Cdatebetween&pdfromadvancedsearchpage=true&ecomp=qxLg9kk&earg=pdpsf&prid=102aeb2a-f850-4637-abc6-325ff14b68a9
A49: CNGO | B49: Congo/Zaire | C49: Rachel | D49: N | E49: Update Sheet to 15 March 2024 | F49: In Progress | I49: *Too big, search not running
A50: COCO | B50: Coco/Segovia | C50: Molly | D50: Y (1 July 2023) | E50: 1 July 2023 - 15 March 2024 | F50: Y | G50: COCO_excel.xlsx | H50: Y | I50: https://advance-lexis-com.ezproxy.library.tufts.edu/search/?pdmfid=1516831&crid=9b0aa22b-8b13-49d7-9d2a-ec44d0c031f7&pdpsf=&pdpost=&pdstartin=urn%3Ahlct%3A16&pdsearchterms=hlead(*water*+OR+river*+OR+lake+OR+dam+OR+stream+OR+tributary+OR+diversion+OR+irrigation+OR+pollution+OR+water+quality+OR+flood!+OR+drought!+OR+channel+OR+canal+OR+hydroelect!+OR+reservoir+OR+groundwater+OR+aquifer+OR+drought+OR+recharge+OR+%22water+table%22+OR+%22bore+hole%22)+and+hlead(treaty+OR+agree!+OR+negotiat!+OR+resolution+OR+commission+OR+secretariat+OR+joint+management+OR+basin+management+OR+peace+OR+accord+OR+%22peace+accord%22+OR+settle!+OR+cooperat!+OR+collaborat!+OR+disput!+OR+conflict!+OR+disagree!+OR+sanction!+OR+war+OR+troops+OR+%22letter+of+protest%22+OR+hostility+OR+%22shots+fired%22+OR+boycott+OR+protest!+OR+appeal+OR+intent+OR+reject+OR+threat!+OR+force+OR+coerce+OR+assault+OR+fight+OR+demand+OR+disapprove+OR+diploma!+OR+statement+OR+memorandum)+and+hlead(CAPS(Coco)+OR+Segovia+OR+Amaka+OR+Bocay+OR+Waspuk)+and+not+hlead(ocean+OR+navigat!+OR+nuclear+OR+%22water+cannon%22+OR+%22light+water+reactor%22+OR+%22mineral+water%22+OR+%22hold+water%22+OR+%22cold+water%22+OR+%22hot+water%22+OR+%22water+canister%22+OR+%22water+tight%22+OR+%22+water+down%22+OR+%22flood+of+refugees%22+OR+Rivera+OR+Suez+OR+Panama+OR+oil+OR+drugs+OR+%22three+gorges%22+OR+waterski+OR+watermelon+OR+dishwater+OR+waterproof+OR+%22water+resistant%22+OR+%22water+bath%22+)&pdsearchtype=SearchBox&pdtypeofsearch=searchboxclick&pdsf=&pdquerytemplateid=&pdtimeline=undefined%7Calldates&pdfromadvancedsearchpage=true&ecomp=xxLg9kk&earg=pdpsf&prid=23f3da92-673e-45a2-9b9e-22ed73f58158
A51: COMA | B51: Comau | C51: Raunaq | D51: Y (1 July 2023) | E51: 1 July 2023 - 15 March 2024 | F51: Y | G51: COMA_excel.xlsx | H51: Y | I51: https://advance-lexis-com.ezproxy.library.tufts.edu/search/?pdmfid=1516831&crid=87b2a064-2cb7-4844-9af2-0b9042ecd5b4&pdpsf=&pdpost=&pdstartin=urn%3Ahlct%3A16&pdsearchterms=hlead(*water*+OR+river*+OR+lake+OR+dam+OR+stream+OR+tributary+OR+diversion+OR+irrigation+OR+pollution+OR+water+quality+OR+flood!+OR+drought!+OR+channel+OR+canal+OR+hydroelect!+OR+reservoir+OR+groundwater+OR+aquifer+OR+drought+OR+recharge+OR+%22water+table%22+OR+%22bore+hole%22)+and+hlead(treaty+OR+agree!+OR+negotiat!+OR+resolution+OR+commission+OR+secretariat+OR+joint+management+OR+basin+management+OR+peace+OR+accord+OR+%22peace+accord%22+OR+settle!+OR+cooperat!+OR+collaborat!+OR+disput!+OR+conflict!+OR+disagree!+OR+sanction!+OR+war+OR+troops+OR+%22letter+of+protest%22+OR+hostility+OR+%22shots+fired%22+OR+boycott+OR+protest!+OR+appeal+OR+intent+OR+reject+OR+threat!+OR+force+OR+coerce+OR+assault+OR+fight+OR+demand+OR+disapprove+OR+diploma!+OR+statement+OR+memorandum)+and+hlead(Comau)+and+not+hlead(ocean+OR+navigat!+OR+nuclear+OR+%22water+cannon%22+OR+%22light+water+reactor%22+OR+%22mineral+water%22+OR+%22hold+water%22+OR+%22cold+water%22+OR+%22hot+water%22+OR+%22water+canister%22+OR+%22water+tight%22+OR+%22+water+down%22+OR+%22flood+of+refugees%22+OR+Rivera+OR+Suez+OR+Panama+OR+oil+OR+drugs+OR+%22three+gorges%22+OR+waterski+OR+watermelon+OR+dishwater+OR+waterproof+OR+%22water+resistant%22+OR+%22water+bath%22+)&pdsearchtype=SearchBox&pdtypeofsearch=searchboxclick&pdsf=&pdquerytemplateid=&pdtimeline=undefined%7Calldates&pdfromadvancedsearchpage=true&ecomp=xxLg9kk&earg=pdpsf&prid=23f3da92-673e-45a2-9b9e-22ed73f58158
A52: COPR | B52: Copper | C52: Molly | D52: Y (1 July 2023) | E52: 1 July 2023 - 15 March 2024 | F52: Y | G52: COPR_excel.xlsx | H52: Y | I52: https://advance-lexis-com.ezproxy.library.tufts.edu/search/?pdmfid=1516831&crid=7d4b6b02-803f-4af1-8e54-f4ba1b4b5f38&pdpsf=&pdpost=&pdstartin=urn%3Ahlct%3A16&pdsearchterms=hlead(*water*+OR+river*+OR+lake+OR+dam+OR+stream+OR+tributary+OR+diversion+OR+irrigation+OR+pollution+OR+water+quality+OR+flood!+OR+drought!+OR+channel+OR+canal+OR+hydroelect!+OR+reservoir+OR+groundwater+OR+aquifer+OR+drought+OR+recharge+OR+%22water+table%22+OR+%22bore+hole%22)+and+hlead(treaty+OR+agree!+OR+negotiat!+OR+resolution+OR+commission+OR+secretariat+OR+joint+management+OR+basin+management+OR+peace+OR+accord+OR+%22peace+accord%22+OR+settle!+OR+cooperat!+OR+collaborat!+OR+disput!+OR+conflict!+OR+disagree!+OR+sanction!+OR+war+OR+troops+OR+%22letter+of+protest%22+OR+hostility+OR+%22shots+fired%22+OR+boycott+OR+protest!+OR+appeal+OR+intent+OR+reject+OR+threat!+OR+force+OR+coerce+OR+assault+OR+fight+OR+demand+OR+disapprove+OR+diploma!+OR+statement+OR+memorandum)+and+hlead(CAPS(Copper))+and+not+hlead(ocean+OR+navigat!+OR+nuclear+OR+%22water+cannon%22+OR+%22light+water+reactor%22+OR+%22mineral+water%22+OR+%22hold+water%22+OR+%22cold+water%22+OR+%22hot+water%22+OR+%22water+canister%22+OR+%22water+tight%22+OR+%22+water+down%22+OR+%22flood+of+refugees%22+OR+Rivera+OR+Suez+OR+Panama+OR+oil+OR+drugs+OR+%22three+gorges%22+OR+waterski+OR+watermelon+OR+dishwater+OR+waterproof+OR+%22water+resistant%22+OR+%22water+bath%22+)&pdsearchtype=SearchBox&pdtypeofsearch=searchboxclick&pdsf=&pdquerytemplateid=&pdtimeline=undefined%7Calldates&pdfromadvancedsearchpage=true&ecomp=xxLg9kk&earg=pdpsf&prid=23f3da92-673e-45a2-9b9e-22ed73f58158
A53: CROS | B53: Cross | C53: Selena | D53: N | E53: Update Sheet to 15 March 2024 | F53: Y | G53: CROS_excel.xlsx | H53: Y | I53: https://advance.lexis.com/search/?pdmfid=1516831&crid=1fff4352-9630-4cb1-9897-9e6b6e68ff3f&pdpsf=&pdpost=&pdstartin=urn%3Ahlct%3A16&pdsearchterms=hlead(*water*+OR+river*+OR+lake+OR+dam+OR+stream+OR+tributary+OR+diversion+OR+irrigation+OR+pollution+OR+water+quality+OR+flood!+OR+drought!+OR+channel+OR+canal+OR+hydroelect!+OR+reservoir+OR+groundwater+OR+aquifer+OR+drought+OR+recharge+OR+%22water+table%22+OR+%22bore+hole%22)+and+hlead(treaty+OR+agree!+OR+negotiat!+OR+resolution+OR+commission+OR+secretariat+OR+joint+management+OR+basin+management+OR+peace+OR+accord+OR+%22peace+accord%22+OR+settle!+OR+cooperat!+OR+collaborat!+OR+disput!+OR+conflict!+OR+disagree!+OR+sanction!+OR+war+OR+troops+OR+%22letter+of+protest%22+OR+hostility+OR+%22shots+fired%22+OR+boycott+OR+protest!+OR+appeal+OR+intent+OR+reject+OR+threat!+OR+force+OR+coerce+OR+assault+OR+fight+OR+demand+OR+disapprove+OR+diploma!+OR+statement+OR+memorandum)+and+hlead(CAPS(Cross))+and+not+hlead(ocean+OR+navigat!+OR+nuclear+OR+%22water+cannon%22+OR+%22light+water+reactor%22+OR+%22mineral+water%22+OR+%22hold+water%22+OR+%22cold+water%22+OR+%22hot+water%22+OR+%22water+canister%22+OR+%22water+tight%22+OR+%22+water+down%22+OR+%22flood+of+refugees%22+OR+Rivera+OR+Suez+OR+Panama+OR+oil+OR+drugs+OR+%22three+gorges%22+OR+waterski+OR+watermelon+OR+dishwater+OR+waterproof+OR+%E2%80%9Cwater+resistant%E2%80%9D+OR+%E2%80%9Cwater+bath%E2%80%9D+)&pdsearchtype=SearchBox&pdtypeofsearch=searchboxclick&pdsf=&pdquerytemplateid=&pdtimeline=undefined%7Calldates&pdfromadvancedsearchpage=true&ecomp=qxLg9kk&earg=pdpsf&prid=6c061383-d2b1-49a1-9617-98848a94b271
A54: CRTY | B54: Corantijn/Courantyne | C54: Raunaq | D54: Y (1 July 2023) | E54: 1 July 2023 - 15 March 2024 | F54: Need Add to 2024 | G54: No new results (2 total) | I54: https://advance-lexis-com.ezproxy.library.tufts.edu/search/?pdmfid=1516831&crid=e5ee8e27-a878-45e0-ab85-a1124dfb2836&pdpsf=&pdpost=&pdstartin=urn%3Ahlct%3A16&pdsearchterms=hlead(*water*+OR+river*+OR+lake+OR+dam+OR+stream+OR+tributary+OR+diversion+OR+irrigation+OR+pollution+OR+water+quality+OR+flood!+OR+drought!+OR+channel+OR+canal+OR+hydroelect!+OR+reservoir+OR+groundwater+OR+aquifer+OR+drought+OR+recharge+OR+%22water+table%22+OR+%22bore+hole%22)+and+hlead(treaty+OR+agree!+OR+negotiat!+OR+resolution+OR+commission+OR+secretariat+OR+joint+management+OR+basin+management+OR+peace+OR+accord+OR+%22peace+accord%22+OR+settle!+OR+cooperat!+OR+collaborat!+OR+disput!+OR+conflict!+OR+disagree!+OR+sanction!+OR+war+OR+troops+OR+%22letter+of+protest%22+OR+hostility+OR+%22shots+fired%22+OR+boycott+OR+protest!+OR+appeal+OR+intent+OR+reject+OR+threat!+OR+force+OR+coerce+OR+assault+OR+fight+OR+demand+OR+disapprove+OR+diploma!+OR+statement+OR+memorandum)+and+hlead(Corantijn+OR+Courantyne)+and+not+hlead(ocean+OR+navigat!+OR+nuclear+OR+%22water+cannon%22+OR+%22light+water+reactor%22+OR+%22mineral+water%22+OR+%22hold+water%22+OR+%22cold+water%22+OR+%22hot+water%22+OR+%22water+canister%22+OR+%22water+tight%22+OR+%22+water+down%22+OR+%22flood+of+refugees%22+OR+Rivera+OR+Suez+OR+Panama+OR+oil+OR+drugs+OR+%22three+gorges%22+OR+waterski+OR+watermelon+OR+dishwater+OR+waterproof+OR+%22water+resistant%22+OR+%22water+bath%22+)&pdsearchtype=SearchBox&pdtypeofsearch=searchboxclick&pdsf=&pdquerytemplateid=&pdtimeline=undefined%7Calldates&pdfromadvancedsearchpage=true&ecomp=xxLg9kk&earg=pdpsf&prid=23f3da92-673e-45a2-9b9e-22ed73f58158
A55: CRUH | B55: Coruh | C55: Raunaq | D55: Y (1 July 2023) | E55: 1 July 2023 - 15 March 2024 | F55: Y | G55: CRUH_excel.xlsx | H55: Y | I55: https://advance-lexis-com.ezproxy.library.tufts.edu/search/?pdmfid=1516831&crid=5666a3e8-e8dc-45d4-b2f4-6a1a2c0e5d2b&pdpsf=&pdpost=&pdstartin=urn%3Ahlct%3A16&pdsearchterms=hlead(*water*+OR+river*+OR+lake+OR+dam+OR+stream+OR+tributary+OR+diversion+OR+irrigation+OR+pollution+OR+water+quality+OR+flood!+OR+drought!+OR+channel+OR+canal+OR+hydroelect!+OR+reservoir+OR+groundwater+OR+aquifer+OR+drought+OR+recharge+OR+%22water+table%22+OR+%22bore+hole%22)+and+hlead(treaty+OR+agree!+OR+negotiat!+OR+resolution+OR+commission+OR+secretariat+OR+joint+management+OR+basin+management+OR+peace+OR+accord+OR+%22peace+accord%22+OR+settle!+OR+cooperat!+OR+collaborat!+OR+disput!+OR+conflict!+OR+disagree!+OR+sanction!+OR+war+OR+troops+OR+%22letter+of+protest%22+OR+hostility+OR+%22shots+fired%22+OR+boycott+OR+protest!+OR+appeal+OR+intent+OR+reject+OR+threat!+OR+force+OR+coerce+OR+assault+OR+fight+OR+demand+OR+disapprove+OR+diploma!+OR+statement+OR+memorandum)+and+hlead(Coruh)+and+not+hlead(ocean+OR+navigat!+OR+nuclear+OR+%22water+cannon%22+OR+%22light+water+reactor%22+OR+%22mineral+water%22+OR+%22hold+water%22+OR+%22cold+water%22+OR+%22hot+water%22+OR+%22water+canister%22+OR+%22water+tight%22+OR+%22+water+down%22+OR+%22flood+of+refugees%22+OR+Rivera+OR+Suez+OR+Panama+OR+oil+OR+drugs+OR+%22three+gorges%22+OR+waterski+OR+watermelon+OR+dishwater+OR+waterproof+OR+%22water+resistant%22+OR+%22water+bath%22+)&pdsearchtype=SearchBox&pdtypeofsearch=searchboxclick&pdsf=&pdquerytemplateid=&pdtimeline=undefined%7Calldates&pdfromadvancedsearchpage=true&ecomp=xxLg9kk&earg=pdpsf&prid=23f3da92-673e-45a2-9b9e-22ed73f58158
A56: CSTL | B56: Castletown | C56: Raunaq | D56: Y (1 July 2023) | E56: 1 July 2023 - 15 March 2024 | F56: Y | G56: CSTL_excel.xlsx | H56: Y | I56: https://advance-lexis-com.ezproxy.library.tufts.edu/search/?pdmfid=1516831&crid=b67f52b5-4a07-40ca-95d5-29796b831148&pdpsf=&pdpost=&pdstartin=urn%3Ahlct%3A16&pdsearchterms=hlead(*water*+OR+river*+OR+lake+OR+dam+OR+stream+OR+tributary+OR+diversion+OR+irrigation+OR+pollution+OR+water+quality+OR+flood!+OR+drought!+OR+channel+OR+canal+OR+hydroelect!+OR+reservoir+OR+groundwater+OR+aquifer+OR+drought+OR+recharge+OR+%22water+table%22+OR+%22bore+hole%22)+and+hlead(treaty+OR+agree!+OR+negotiat!+OR+resolution+OR+commission+OR+secretariat+OR+joint+management+OR+basin+management+OR+peace+OR+accord+OR+%22peace+accord%22+OR+settle!+OR+cooperat!+OR+collaborat!+OR+disput!+OR+conflict!+OR+disagree!+OR+sanction!+OR+war+OR+troops+OR+%22letter+of+protest%22+OR+hostility+OR+%22shots+fired%22+OR+boycott+OR+protest!+OR+appeal+OR+intent+OR+reject+OR+threat!+OR+force+OR+coerce+OR+assault+OR+fight+OR+demand+OR+disapprove+OR+diploma!+OR+statement+OR+memorandum)+and+hlead(Castletown)+and+not+hlead(ocean+OR+navigat!+OR+nuclear+OR+%22water+cannon%22+OR+%22light+water+reactor%22+OR+%22mineral+water%22+OR+%22hold+water%22+OR+%22cold+water%22+OR+%22hot+water%22+OR+%22water+canister%22+OR+%22water+tight%22+OR+%22+water+down%22+OR+%22flood+of+refugees%22+OR+Rivera+OR+Suez+OR+Panama+OR+oil+OR+drugs+OR+%22three+gorges%22+OR+waterski+OR+watermelon+OR+dishwater+OR+waterproof+OR+%22water+resistant%22+OR+%22water+bath%22+)&pdsearchtype=SearchBox&pdtypeofsearch=searchboxclick&pdsf=&pdquerytemplateid=&pdtimeline=undefined%7Calldates&pdfromadvancedsearchpage=true&ecomp=xxLg9kk&earg=pdpsf&prid=23f3da92-673e-45a2-9b9e-22ed73f58158
A57: CSTO | B57: Cestos | C57: Raunaq | D57: Y (1 July 2023) | E57: 1 July 2023 - 15 March 2024 | F57: Y | G57: CSTO_excel.xlsx | H57: Y | I57: https://advance-lexis-com.ezproxy.library.tufts.edu/search/?pdmfid=1516831&crid=e99fba97-375b-4454-939d-33ffe5db2ffe&pdpsf=&pdpost=&pdstartin=urn%3Ahlct%3A16&pdsearchterms=hlead(*water*+OR+river*+OR+lake+OR+dam+OR+stream+OR+tributary+OR+diversion+OR+irrigation+OR+pollution+OR+water+quality+OR+flood!+OR+drought!+OR+channel+OR+canal+OR+hydroelect!+OR+reservoir+OR+groundwater+OR+aquifer+OR+drought+OR+recharge+OR+%22water+table%22+OR+%22bore+hole%22)+and+hlead(treaty+OR+agree!+OR+negotiat!+OR+resolution+OR+commission+OR+secretariat+OR+joint+management+OR+basin+management+OR+peace+OR+accord+OR+%22peace+accord%22+OR+settle!+OR+cooperat!+OR+collaborat!+OR+disput!+OR+conflict!+OR+disagree!+OR+sanction!+OR+war+OR+troops+OR+%22letter+of+protest%22+OR+hostility+OR+%22shots+fired%22+OR+boycott+OR+protest!+OR+appeal+OR+intent+OR+reject+OR+threat!+OR+force+OR+coerce+OR+assault+OR+fight+OR+demand+OR+disapprove+OR+diploma!+OR+statement+OR+memorandum)+and+hlead(Cestos+OR+Nuon)+and+not+hlead(ocean+OR+navigat!+OR+nuclear+OR+%22water+cannon%22+OR+%22light+water+reactor%22+OR+%22mineral+water%22+OR+%22hold+water%22+OR+%22cold+water%22+OR+%22hot+water%22+OR+%22water+canister%22+OR+%22water+tight%22+OR+%22+water+down%22+OR+%22flood+of+refugees%22+OR+Rivera+OR+Suez+OR+Panama+OR+oil+OR+drugs+OR+%22three+gorges%22+OR+waterski+OR+watermelon+OR+dishwater+OR+waterproof+OR+%22water+resistant%22+OR+%22water+bath%22+)&pdsearchtype=SearchBox&pdtypeofsearch=searchboxclick&pdsf=&pdquerytemplateid=&pdtimeline=undefined%7Calldates&pdfromadvancedsearchpage=true&ecomp=xxLg9kk&earg=pdpsf&prid=23f3da92-673e-45a2-9b9e-22ed73f58158
A58: CTAT | B58: Coatan Achute | C58: Raunaq | D58: Y (1 July 2023) | E58: 1 July 2023 - 15 March 2024 | F58: Need Add to 2024 | G58: No results | I58: https://advance-lexis-com.ezproxy.library.tufts.edu/search/?pdmfid=1516831&crid=ef213ed4-d774-4feb-9a7f-289863f632ec&pdpsf=&pdpost=&pdstartin=urn%3Ahlct%3A16&pdsearchterms=hlead(*water*+OR+river*+OR+lake+OR+dam+OR+stream+OR+tributary+OR+diversion+OR+irrigation+OR+pollution+OR+water+quality+OR+flood!+OR+drought!+OR+channel+OR+canal+OR+hydroelect!+OR+reservoir+OR+groundwater+OR+aquifer+OR+drought+OR+recharge+OR+%22water+table%22+OR+%22bore+hole%22)+and+hlead(treaty+OR+agree!+OR+negotiat!+OR+resolution+OR+commission+OR+secretariat+OR+joint+management+OR+basin+management+OR+peace+OR+accord+OR+%22peace+accord%22+OR+settle!+OR+cooperat!+OR+collaborat!+OR+disput!+OR+conflict!+OR+disagree!+OR+sanction!+OR+war+OR+troops+OR+%22letter+of+protest%22+OR+hostility+OR+%22shots+fired%22+OR+boycott+OR+protest!+OR+appeal+OR+intent+OR+reject+OR+threat!+OR+force+OR+coerce+OR+assault+OR+fight+OR+demand+OR+disapprove+OR+diploma!+OR+statement+OR+memorandum)+and+hlead(Coatan+Achute)+and+not+hlead(ocean+OR+navigat!+OR+nuclear+OR+%22water+cannon%22+OR+%22light+water+reactor%22+OR+%22mineral+water%22+OR+%22hold+water%22+OR+%22cold+water%22+OR+%22hot+water%22+OR+%22water+canister%22+OR+%22water+tight%22+OR+%22+water+down%22+OR+%22flood+of+refugees%22+OR+Rivera+OR+Suez+OR+Panama+OR+oil+OR+drugs+OR+%22three+gorges%22+OR+waterski+OR+watermelon+OR+dishwater+OR+waterproof+OR+%22water+resistant%22+OR+%22water+bath%22+)&pdsearchtype=SearchBox&pdtypeofsearch=searchboxclick&pdsf=&pdquerytemplateid=&pdtimeline=undefined%7Calldates&pdfromadvancedsearchpage=true&ecomp=xxLg9kk&earg=pdpsf&prid=23f3da92-673e-45a2-9b9e-22ed73f58158
A59: CTNA | B59: Cetina | C59: Raunaq | D59: Y (1 July 2023) | E59: 1 July 2023 - 15 March 2024 | F59: Y | G59: CTNA_excel.xlsx | H59: Y | I59: https://advance-lexis-com.ezproxy.library.tufts.edu/search/?pdmfid=1516831&crid=75787082-7ab4-4cb0-b2c6-bd4ccdf9aa33&pdpsf=&pdpost=&pdstartin=urn%3Ahlct%3A16&pdsearchterms=hlead(*water*+OR+river*+OR+lake+OR+dam+OR+stream+OR+tributary+OR+diversion+OR+irrigation+OR+pollution+OR+water+quality+OR+flood!+OR+drought!+OR+channel+OR+canal+OR+hydroelect!+OR+reservoir+OR+groundwater+OR+aquifer+OR+drought+OR+recharge+OR+%22water+table%22+OR+%22bore+hole%22)+and+hlead(treaty+OR+agree!+OR+negotiat!+OR+resolution+OR+commission+OR+secretariat+OR+joint+management+OR+basin+management+OR+peace+OR+accord+OR+%22peace+accord%22+OR+settle!+OR+cooperat!+OR+collaborat!+OR+disput!+OR+conflict!+OR+disagree!+OR+sanction!+OR+war+OR+troops+OR+%22letter+of+protest%22+OR+hostility+OR+%22shots+fired%22+OR+boycott+OR+protest!+OR+appeal+OR+intent+OR+reject+OR+threat!+OR+force+OR+coerce+OR+assault+OR+fight+OR+demand+OR+disapprove+OR+diploma!+OR+statement+OR+memorandum)+and+hlead(Cetina)+and+not+hlead(ocean+OR+navigat!+OR+nuclear+OR+%22water+cannon%22+OR+%22light+water+reactor%22+OR+%22mineral+water%22+OR+%22hold+water%22+OR+%22cold+water%22+OR+%22hot+water%22+OR+%22water+canister%22+OR+%22water+tight%22+OR+%22+water+down%22+OR+%22flood+of+refugees%22+OR+Rivera+OR+Suez+OR+Panama+OR+oil+OR+drugs+OR+%22three+gorges%22+OR+waterski+OR+watermelon+OR+dishwater+OR+waterproof+OR+%22water+resistant%22+OR+%22water+bath%22+)&pdsearchtype=SearchBox&pdtypeofsearch=searchboxclick&pdsf=&pdquerytemplateid=&pdtimeline=undefined%7Calldates&pdfromadvancedsearchpage=true&ecomp=xxLg9kk&earg=pdpsf&prid=23f3da92-673e-45a2-9b9e-22ed73f58158
A60: CTTB | B60: Catatumbo | C60: Raunaq | D60: Y (1 July 2023) | E60: 1 July 2023 - 15 March 2024 | F60: Y | G60: CTTB_excel.xlsx | H60: Y | I60: https://advance-lexis-com.ezproxy.library.tufts.edu/search/?pdmfid=1516831&crid=a3d81650-179b-4c00-b568-92b32f18c324&pdpsf=&pdpost=&pdstartin=urn%3Ahlct%3A16&pdsearchterms=hlead(*water*+OR+river*+OR+lake+OR+dam+OR+stream+OR+tributary+OR+diversion+OR+irrigation+OR+pollution+OR+water+quality+OR+flood!+OR+drought!+OR+channel+OR+canal+OR+hydroelect!+OR+reservoir+OR+groundwater+OR+aquifer+OR+drought+OR+recharge+OR+%22water+table%22+OR+%22bore+hole%22)+and+hlead(treaty+OR+agree!+OR+negotiat!+OR+resolution+OR+commission+OR+secretariat+OR+joint+management+OR+basin+management+OR+peace+OR+accord+OR+%22peace+accord%22+OR+settle!+OR+cooperat!+OR+collaborat!+OR+disput!+OR+conflict!+OR+disagree!+OR+sanction!+OR+war+OR+troops+OR+%22letter+of+protest%22+OR+hostility+OR+%22shots+fired%22+OR+boycott+OR+protest!+OR+appeal+OR+intent+OR+reject+OR+threat!+OR+force+OR+coerce+OR+assault+OR+fight+OR+demand+OR+disapprove+OR+diploma!+OR+statement+OR+memorandum)+and+hlead(Catatumbo)+and+not+hlead(ocean+OR+navigat!+OR+nuclear+OR+%22water+cannon%22+OR+%22light+water+reactor%22+OR+%22mineral+water%22+OR+%22hold+water%22+OR+%22cold+water%22+OR+%22hot+water%22+OR+%22water+canister%22+OR+%22water+tight%22+OR+%22+water+down%22+OR+%22flood+of+refugees%22+OR+Rivera+OR+Suez+OR+Panama+OR+oil+OR+drugs+OR+%22three+gorges%22+OR+waterski+OR+watermelon+OR+dishwater+OR+waterproof+OR+%22water+resistant%22+OR+%22water+bath%22+)&pdsearchtype=SearchBox&pdtypeofsearch=searchboxclick&pdsf=&pdquerytemplateid=&pdtimeline=undefined%7Calldates&pdfromadvancedsearchpage=true&ecomp=xxLg9kk&earg=pdpsf&prid=23f3da92-673e-45a2-9b9e-22ed73f58158
A61: CULL | B61: Cullen | C61: Raunaq | D61: N | E61: Update Sheet to 15 March 2024 | F61: Need Add to 2024 | G61: CULL_excel.xlsx | I61: https://advance-lexis-com.ezproxy.library.tufts.edu/search/?pdmfid=1516831&crid=0ac2b69f-d5f6-416f-9c47-281b1f23a017&pdpsf=&pdpost=&pdstartin=urn%3Ahlct%3A16&pdsearchterms=hlead(*water*+OR+river*+OR+lake+OR+dam+OR+stream+OR+tributary+OR+diversion+OR+irrigation+OR+pollution+OR+water+quality+OR+flood!+OR+drought!+OR+channel+OR+canal+OR+hydroelect!+OR+reservoir+OR+groundwater+OR+aquifer+OR+drought+OR+recharge+OR+%22water+table%22+OR+%22bore+hole%22)+and+hlead(treaty+OR+agree!+OR+negotiat!+OR+resolution+OR+commission+OR+secretariat+OR+joint+management+OR+basin+management+OR+peace+OR+accord+OR+%22peace+accord%22+OR+settle!+OR+cooperat!+OR+collaborat!+OR+disput!+OR+conflict!+OR+disagree!+OR+sanction!+OR+war+OR+troops+OR+%22letter+of+protest%22+OR+hostility+OR+%22shots+fired%22+OR+boycott+OR+protest!+OR+appeal+OR+intent+OR+reject+OR+threat!+OR+force+OR+coerce+OR+assault+OR+fight+OR+demand+OR+disapprove+OR+diploma!+OR+statement+OR+memorandum)+and+hlead(Cullen)+and+not+hlead(ocean+OR+navigat!+OR+nuclear+OR+%22water+cannon%22+OR+%22light+water+reactor%22+OR+%22mineral+water%22+OR+%22hold+water%22+OR+%22cold+water%22+OR+%22hot+water%22+OR+%22water+canister%22+OR+%22water+tight%22+OR+%22+water+down%22+OR+%22flood+of+refugees%22+OR+Rivera+OR+Suez+OR+Panama+OR+oil+OR+drugs+OR+%22three+gorges%22+OR+waterski+OR+watermelon+OR+dishwater+OR+waterproof+OR+%E2%80%9Cwater+resistant%E2%80%9D+OR+%E2%80%9Cwater+bath%E2%80%9D+)&pdsearchtype=SearchBox&pdtypeofsearch=searchboxclick&pdsf=&pdquerytemplateid=&pdtimeline=undefined%7Calldates&pdfromadvancedsearchpage=true&ecomp=qxLg9kk&earg=pdpsf&prid=3092d136-ec6e-43bd-89c2-d8aa8d65e64e
A62: CVLY | B62: Cavally | C62: Molly | D62: N | E62: Update Sheet to 15 March 2024 | F62: Y | G62: CVLY_excel.xlsx | I62: https://advance-lexis-com.ezproxy.library.tufts.edu/search/?pdmfid=1516831&crid=e1ce2255-8075-4896-a055-4ed8bf4d257e&pdpsf=&pdpost=&pdstartin=urn%3Ahlct%3A16&pdsearchterms=hlead(*water*+OR+river*+OR+lake+OR+dam+OR+stream+OR+tributary+OR+diversion+OR+irrigation+OR+pollution+OR+water+quality+OR+flood!+OR+drought!+OR+channel+OR+canal+OR+hydroelect!+OR+reservoir+OR+groundwater+OR+aquifer+OR+drought+OR+recharge+OR+%22water+table%22+OR+%22bore+hole%22)+and+hlead(treaty+OR+agree!+OR+negotiat!+OR+resolution+OR+commission+OR+secretariat+OR+joint+management+OR+basin+management+OR+peace+OR+accord+OR+%22peace+accord%22+OR+settle!+OR+cooperat!+OR+collaborat!+OR+disput!+OR+conflict!+OR+disagree!+OR+sanction!+OR+war+OR+troops+OR+%22letter+of+protest%22+OR+hostility+OR+%22shots+fired%22+OR+boycott+OR+protest!+OR+appeal+OR+intent+OR+reject+OR+threat!+OR+force+OR+coerce+OR+assault+OR+fight+OR+demand+OR+disapprove+OR+diploma!+OR+statement+OR+memorandum)+and+hlead(Cavally+OR+Dube)+and+not+hlead(ocean+OR+navigat!+OR+nuclear+OR+%22water+cannon%22+OR+%22light+water+reactor%22+OR+%22mineral+water%22+OR+%22hold+water%22+OR+%22cold+water%22+OR+%22hot+water%22+OR+%22water+canister%22+OR+%22water+tight%22+OR+%22+water+down%22+OR+%22flood+of+refugees%22+OR+Rivera+OR+Suez+OR+Panama+OR+oil+OR+drugs+OR+%22three+gorges%22+OR+waterski+OR+watermelon+OR+dishwater+OR+waterproof+OR+“water+resistant”+OR+“water+bath”)&pdsearchtype=SearchBox&pdtypeofsearch=searchboxclick&pdsf=&pdquerytemplateid=&pdtimeline=06%2F30%2F2008to07%2F01%2F2023%7Cdatebetween&pdfromadvancedsearchpage=true&ecomp=qxLg9kk&earg=pdpsf&prid=ca2ac95e-6e8c-4fe3-b6fd-ed3bd8f901fa
A63: DANU | B63: Danube | C63: Rachel | D63: N | E63: Update Sheet to 15 March 2024 | F63: In Progress | I63: *Too big, search not running
A64: DAUR | B64: Daoura | C64: Rachel | D64: Y (15 July 2022) | E64: 15 July 2022 - 15 March 2024 | G64: No results | I64: https://advance-lexis-com.ezproxy.library.tufts.edu/search/?pdmfid=1516831&crid=cc0a312a-3919-40b7-8666-1aa95733fc86&pdpsf=&pdpost=&pdstartin=urn%3Ahlct%3A16&pdsearchterms=hlead(*water*+OR+river*+OR+lake+OR+dam+OR+stream+OR+tributary+OR+diversion+OR+irrigation+OR+pollution+OR+water+quality+OR+flood!+OR+drought!+OR+channel+OR+canal+OR+hydroelect!+OR+reservoir+OR+groundwater+OR+aquifer+OR+drought+OR+recharge+OR+%22water+table%22+OR+%22bore+hole%22)+and+hlead(treaty+OR+agree!+OR+negotiat!+OR+resolution+OR+commission+OR+secretariat+OR+joint+management+OR+basin+management+OR+peace+OR+accord+OR+%22peace+accord%22+OR+settle!+OR+cooperat!+OR+collaborat!+OR+disput!+OR+conflict!+OR+disagree!+OR+sanction!+OR+war+OR+troops+OR+%22letter+of+protest%22+OR+hostility+OR+%22shots+fired%22+OR+boycott+OR+protest!+OR+appeal+OR+intent+OR+reject+OR+threat!+OR+force+OR+coerce+OR+assault+OR+fight+OR+demand+OR+disapprove+OR+diploma!+OR+statement+OR+memorandum)+and+hlead(Daoura)+and+not+hlead(ocean+OR+navigat!+OR+nuclear+OR+%22water+cannon%22+OR+%22light+water+reactor%22+OR+%22mineral+water%22+OR+%22hold+water%22+OR+%22cold+water%22+OR+%22hot+water%22+OR+%22water+canister%22+OR+%22water+tight%22+OR+%22+water+down%22+OR+%22flood+of+refugees%22+OR+Rivera+OR+Suez+OR+Panama+OR+oil+OR+drugs+OR+%22three+gorges%22+OR+waterski+OR+watermelon+OR+dishwater+OR+waterproof+OR+%22water+resistant%22+OR+%22water+bath%22+)&pdsearchtype=SearchBox&pdtypeofsearch=searchboxclick&pdsf=&pdquerytemplateid=&pdtimeline=undefined%7Calldates&pdfromadvancedsearchpage=true&ecomp=xxLg9kk&earg=pdpsf&prid=23f3da92-673e-45a2-9b9e-22ed73f58158
A65: DIGL | B65: Digul | C65: Rachel | D65: Y (15 July 2022) | E65: 15 July 2022 - 15 March 2024 | G65: No results | I65: https://advance-lexis-com.ezproxy.library.tufts.edu/search/?pdmfid=1516831&crid=392dda26-f4b9-43aa-88b2-d5533c0ad863&pdpsf=&pdpost=&pdstartin=urn%3Ahlct%3A16&pdsearchterms=hlead(*water*+OR+river*+OR+lake+OR+dam+OR+stream+OR+tributary+OR+diversion+OR+irrigation+OR+pollution+OR+water+quality+OR+flood!+OR+drought!+OR+channel+OR+canal+OR+hydroelect!+OR+reservoir+OR+groundwater+OR+aquifer+OR+drought+OR+recharge+OR+%22water+table%22+OR+%22bore+hole%22)+and+hlead(treaty+OR+agree!+OR+negotiat!+OR+resolution+OR+commission+OR+secretariat+OR+joint+management+OR+basin+management+OR+peace+OR+accord+OR+%22peace+accord%22+OR+settle!+OR+cooperat!+OR+collaborat!+OR+disput!+OR+conflict!+OR+disagree!+OR+sanction!+OR+war+OR+troops+OR+%22letter+of+protest%22+OR+hostility+OR+%22shots+fired%22+OR+boycott+OR+protest!+OR+appeal+OR+intent+OR+reject+OR+threat!+OR+force+OR+coerce+OR+assault+OR+fight+OR+demand+OR+disapprove+OR+diploma!+OR+statement+OR+memorandum)+and+hlead(Digul)+and+not+hlead(ocean+OR+navigat!+OR+nuclear+OR+%22water+cannon%22+OR+%22light+water+reactor%22+OR+%22mineral+water%22+OR+%22hold+water%22+OR+%22cold+water%22+OR+%22hot+water%22+OR+%22water+canister%22+OR+%22water+tight%22+OR+%22+water+down%22+OR+%22flood+of+refugees%22+OR+Rivera+OR+Suez+OR+Panama+OR+oil+OR+drugs+OR+%22three+gorges%22+OR+waterski+OR+watermelon+OR+dishwater+OR+waterproof+OR+%22water+resistant%22+OR+%22water+bath%22+)&pdsearchtype=SearchBox&pdtypeofsearch=searchboxclick&pdsf=&pdquerytemplateid=&pdtimeline=undefined%7Calldates&pdfromadvancedsearchpage=true&ecomp=xxLg9kk&earg=pdpsf&prid=23f3da92-673e-45a2-9b9e-22ed73f58158
A66: DNPR | B66: Dnieper | C66: Selena | D66: N | E66: Update Sheet to 15 March 2024 | F66: Y | G66: DNPR_excel.xlsx | H66: Y | I66: https://advance-lexis-com.ezproxy.library.tufts.edu/search/?pdmfid=1516831&crid=c262fbc4-e51e-466f-9cd7-dedf985a91a5&pdpsf=&pdpost=&pdstartin=urn%3Ahlct%3A16&pdsearchterms=hlead(*water*+OR+river*+OR+lake+OR+dam+OR+stream+OR+tributary+OR+diversion+OR+irrigation+OR+pollution+OR+water+quality+OR+flood!+OR+drought!+OR+channel+OR+canal+OR+hydroelect!+OR+reservoir+OR+groundwater+OR+aquifer+OR+drought+OR+recharge+OR+%22water+table%22+OR+%22bore+hole%22)+and+hlead(treaty+OR+agree!+OR+negotiat!+OR+resolution+OR+commission+OR+secretariat+OR+joint+management+OR+basin+management+OR+peace+OR+accord+OR+%22peace+accord%22+OR+settle!+OR+cooperat!+OR+collaborat!+OR+disput!+OR+conflict!+OR+disagree!+OR+sanction!+OR+war+OR+troops+OR+%22letter+of+protest%22+OR+hostility+OR+%22shots+fired%22+OR+boycott+OR+protest!+OR+appeal+OR+intent+OR+reject+OR+threat!+OR+force+OR+coerce+OR+assault+OR+fight+OR+demand+OR+disapprove+OR+diploma!+OR+statement+OR+memorandum)+and+hlead(Dnieper+OR+Byarezina+OR+Pinsk+Marshes+OR+Ptsich+OR+Sozh+OR+Iput%27+OR+Desna+OR+Dniepr+OR+Horyn%27+OR+Inhulets+OR+Kremenchats%27ke+Vdskh+OR+Prypyats%27+OR+Ps%27ol+OR+Seym+OR+Sluch+OR+Snov+OR+Stokhid+OR+Styr+OR+Sula+OR+Uzh+OR+Vopskla+OR)+and+not+hlead(ocean+OR+navigat!+OR+nuclear+OR+%22water+cannon%22+OR+%22light+water+reactor%22+OR+%22mineral+water%22+OR+%22hold+water%22+OR+%22cold+water%22+OR+%22hot+water%22+OR+%22water+canister%22+OR+%22water+tight%22+OR+%22+water+down%22+OR+%22flood+of+refugees%22+OR+Rivera+OR+Suez+OR+Panama+OR+oil+OR+drugs+OR+%22three+gorges%22+OR+waterski+OR+watermelon+OR+dishwater+OR+waterproof+OR+%E2%80%9Cwater+resistant%E2%80%9D+OR+%E2%80%9Cwater+bath%E2%80%9D+)&pdsearchtype=SearchBox&pdtypeofsearch=searchboxclick&pdsf=&pdquerytemplateid=&pdtimeline=undefined%7Calldates&pdfromadvancedsearchpage=true&ecomp=qxLg9kk&earg=pdpsf&prid=ac210845-5016-4c9c-9cea-7e40c1c3ad78
A67: DNSR | B67: Dniester | C67: Rachel | D67: Y (15 July 2022) | E67: 15 July 2022 - 15 March 2024 | F67: Y | G67: DNSR_excel.xlsx | H67: Y | I67: https://advance-lexis-com.ezproxy.library.tufts.edu/search/?pdmfid=1516831&crid=9a944edd-2945-4016-975e-8b25660682c2&pdpsf=&pdpost=&pdstartin=urn%3Ahlct%3A16&pdsearchterms=hlead(*water*+OR+river*+OR+lake+OR+dam+OR+stream+OR+tributary+OR+diversion+OR+irrigation+OR+pollution+OR+water+quality+OR+flood!+OR+drought!+OR+channel+OR+canal+OR+hydroelect!+OR+reservoir+OR+groundwater+OR+aquifer+OR+drought+OR+recharge+OR+%22water+table%22+OR+%22bore+hole%22)+and+hlead(treaty+OR+agree!+OR+negotiat!+OR+resolution+OR+commission+OR+secretariat+OR+joint+management+OR+basin+management+OR+peace+OR+accord+OR+%22peace+accord%22+OR+settle!+OR+cooperat!+OR+collaborat!+OR+disput!+OR+conflict!+OR+disagree!+OR+sanction!+OR+war+OR+troops+OR+%22letter+of+protest%22+OR+hostility+OR+%22shots+fired%22+OR+boycott+OR+protest!+OR+appeal+OR+intent+OR+reject+OR+threat!+OR+force+OR+coerce+OR+assault+OR+fight+OR+demand+OR+disapprove+OR+diploma!+OR+statement+OR+memorandum)+and+hlead(Dniester+OR+Dniestr+OR+Seret)+and+not+hlead(ocean+OR+navigat!+OR+nuclear+OR+%22water+cannon%22+OR+%22light+water+reactor%22+OR+%22mineral+water%22+OR+%22hold+water%22+OR+%22cold+water%22+OR+%22hot+water%22+OR+%22water+canister%22+OR+%22water+tight%22+OR+%22+water+down%22+OR+%22flood+of+refugees%22+OR+Rivera+OR+Suez+OR+Panama+OR+oil+OR+drugs+OR+%22three+gorges%22+OR+waterski+OR+watermelon+OR+dishwater+OR+waterproof+OR+%22water+resistant%22+OR+%22water+bath%22+)&pdsearchtype=SearchBox&pdtypeofsearch=searchboxclick&pdsf=&pdquerytemplateid=&pdtimeline=undefined%7Calldates&pdfromadvancedsearchpage=true&ecomp=xxLg9kk&earg=pdpsf&prid=23f3da92-673e-45a2-9b9e-22ed73f58158
A68: DONX | B68: Don | C68: Selena | D68: N | E68: Update Sheet to 15 March 2024 | F68: Y | G68: DONX_excel.xlsx | H68: Y | I68: https://advance-lexis-com.ezproxy.library.tufts.edu/search/?pdmfid=1516831&crid=910a8d5a-a503-4ad9-b40b-c6c3dabda935&pdpsf=&pdpost=&pdstartin=urn%3Ahlct%3A16&pdsearchterms=hlead(*water*+OR+river*+OR+lake+OR+dam+OR+stream+OR+tributary+OR+diversion+OR+irrigation+OR+pollution+OR+water+quality+OR+flood!+OR+drought!+OR+channel+OR+canal+OR+hydroelect!+OR+reservoir+OR+groundwater+OR+aquifer+OR+drought+OR+recharge+OR+%22water+table%22+OR+%22bore+hole%22)+and+hlead(treaty+OR+agree!+OR+negotiat!+OR+resolution+OR+commission+OR+secretariat+OR+joint+management+OR+basin+management+OR+peace+OR+accord+OR+%22peace+accord%22+OR+settle!+OR+cooperat!+OR+collaborat!+OR+disput!+OR+conflict!+OR+disagree!+OR+sanction!+OR+war+OR+troops+OR+%22letter+of+protest%22+OR+hostility+OR+%22shots+fired%22+OR+boycott+OR+protest!+OR+appeal+OR+intent+OR+reject+OR+threat!+OR+force+OR+coerce+OR+assault+OR+fight+OR+demand+OR+disapprove+OR+diploma!+OR+statement+OR+memorandum)+and+hlead(CAPS(Don)+OR+Kalaus+OR+Khoper+OR+Medreditsa+OR+Oskol+OR+Oz+Manych+Gudilo+OR+Sal+OR+Sir.+Donets+OR+Sosna+OR+Tsimlyanskoye+Vdkhr+OR+Vorona+OR+Voronezh)+and+not+hlead(ocean+OR+navigat!+OR+nuclear+OR+%22water+cannon%22+OR+%22light+water+reactor%22+OR+%22mineral+water%22+OR+%22hold+water%22+OR+%22cold+water%22+OR+%22hot+water%22+OR+%22water+canister%22+OR+%22water+tight%22+OR+%22+water+down%22+OR+%22flood+of+refugees%22+OR+Rivera+OR+Suez+OR+Panama+OR+oil+OR+drugs+OR+%22three+gorges%22+OR+waterski+OR+watermelon+OR+dishwater+OR+waterproof+OR+%E2%80%9Cwater+resistant%E2%80%9D+OR+%E2%80%9Cwater+bath%E2%80%9D+)&pdsearchtype=SearchBox&pdtypeofsearch=searchboxclick&pdsf=&pdquerytemplateid=&pdtimeline=undefined%7Calldates&pdfromadvancedsearchpage=true&ecomp=wxLg9kk&earg=pdpsf&prid=5923a166-d96f-4896-be04-8b410ab9a20e
A69: DRAG | B69: Dragonja | C69: Rachel | D69: Y (15 July 2022) | E69: 15 July 2022 - 15 March 2024 | F69: Y | G69: DRAG_excel.xlsx | H69: Y | I69: https://advance-lexis-com.ezproxy.library.tufts.edu/search/?pdmfid=1516831&crid=049a1b6f-f85a-48a6-838d-75b31e3b0e4c&pdpsf=&pdpost=&pdstartin=urn%3Ahlct%3A16&pdsearchterms=hlead(*water*+OR+river*+OR+lake+OR+dam+OR+stream+OR+tributary+OR+diversion+OR+irrigation+OR+pollution+OR+water+quality+OR+flood!+OR+drought!+OR+channel+OR+canal+OR+hydroelect!+OR+reservoir+OR+groundwater+OR+aquifer+OR+drought+OR+recharge+OR+%22water+table%22+OR+%22bore+hole%22)+and+hlead(treaty+OR+agree!+OR+negotiat!+OR+resolution+OR+commission+OR+secretariat+OR+joint+management+OR+basin+management+OR+peace+OR+accord+OR+%22peace+accord%22+OR+settle!+OR+cooperat!+OR+collaborat!+OR+disput!+OR+conflict!+OR+disagree!+OR+sanction!+OR+war+OR+troops+OR+%22letter+of+protest%22+OR+hostility+OR+%22shots+fired%22+OR+boycott+OR+protest!+OR+appeal+OR+intent+OR+reject+OR+threat!+OR+force+OR+coerce+OR+assault+OR+fight+OR+demand+OR+disapprove+OR+diploma!+OR+statement+OR+memorandum)+and+hlead(Dragonja)+and+not+hlead(ocean+OR+navigat!+OR+nuclear+OR+%22water+cannon%22+OR+%22light+water+reactor%22+OR+%22mineral+water%22+OR+%22hold+water%22+OR+%22cold+water%22+OR+%22hot+water%22+OR+%22water+canister%22+OR+%22water+tight%22+OR+%22+water+down%22+OR+%22flood+of+refugees%22+OR+Rivera+OR+Suez+OR+Panama+OR+oil+OR+drugs+OR+%22three+gorges%22+OR+waterski+OR+watermelon+OR+dishwater+OR+waterproof+OR+%22water+resistant%22+OR+%22water+bath%22+)&pdsearchtype=SearchBox&pdtypeofsearch=searchboxclick&pdsf=&pdquerytemplateid=&pdtimeline=undefined%7Calldates&pdfromadvancedsearchpage=true&ecomp=xxLg9kk&earg=pdpsf&prid=23f3da92-673e-45a2-9b9e-22ed73f58158
A70: DRAX | B70: Dra | C70: Rachel | D70: Y (15 July 2022) | E70: 15 July 2022 - 15 March 2024 | F70: Y | G70: DRAX_excel.xlsx | H70: Y | I70: https://advance-lexis-com.ezproxy.library.tufts.edu/search/?pdmfid=1516831&crid=20910843-ccef-468a-b76f-a51ef5bbdf69&pdpsf=&pdpost=&pdstartin=urn%3Ahlct%3A16&pdsearchterms=hlead(*water*+OR+river*+OR+lake+OR+dam+OR+stream+OR+tributary+OR+diversion+OR+irrigation+OR+pollution+OR+water+quality+OR+flood!+OR+drought!+OR+channel+OR+canal+OR+hydroelect!+OR+reservoir+OR+groundwater+OR+aquifer+OR+drought+OR+recharge+OR+%22water+table%22+OR+%22bore+hole%22)+and+hlead(treaty+OR+agree!+OR+negotiat!+OR+resolution+OR+commission+OR+secretariat+OR+joint+management+OR+basin+management+OR+peace+OR+accord+OR+%22peace+accord%22+OR+settle!+OR+cooperat!+OR+collaborat!+OR+disput!+OR+conflict!+OR+disagree!+OR+sanction!+OR+war+OR+troops+OR+%22letter+of+protest%22+OR+hostility+OR+%22shots+fired%22+OR+boycott+OR+protest!+OR+appeal+OR+intent+OR+reject+OR+threat!+OR+force+OR+coerce+OR+assault+OR+fight+OR+demand+OR+disapprove+OR+diploma!+OR+statement+OR+memorandum)+and+hlead(Dra+OR+Qued+Zemoul+OR+Qued+Dades)+and+not+hlead(ocean+OR+navigat!+OR+nuclear+OR+%22water+cannon%22+OR+%22light+water+reactor%22+OR+%22mineral+water%22+OR+%22hold+water%22+OR+%22cold+water%22+OR+%22hot+water%22+OR+%22water+canister%22+OR+%22water+tight%22+OR+%22+water+down%22+OR+%22flood+of+refugees%22+OR+Rivera+OR+Suez+OR+Panama+OR+oil+OR+drugs+OR+%22three+gorges%22+OR+waterski+OR+watermelon+OR+dishwater+OR+waterproof+OR+%22water+resistant%22+OR+%22water+bath%22+)&pdsearchtype=SearchBox&pdtypeofsearch=searchboxclick&pdsf=&pdquerytemplateid=&pdtimeline=undefined%7Calldates&pdfromadvancedsearchpage=true&ecomp=xxLg9kk&earg=pdpsf&prid=23f3da92-673e-45a2-9b9e-22ed73f58158
A71: DRIN | B71: Drin | C71: Molly | D71: N | E71: Update Sheet to 15 March 2024 | F71: Y | G71: DRIN_excel.xlsx | I71: https://advance-lexis-com.ezproxy.library.tufts.edu/search/?pdmfid=1516831&crid=77b7af4a-a2ea-4da0-8ca3-5bf44041b49b&pdpsf=&pdpost=&pdstartin=urn%3Ahlct%3A16&pdsearchterms=hlead(*water*+OR+river*+OR+lake+OR+dam+OR+stream+OR+tributary+OR+diversion+OR+irrigation+OR+pollution+OR+water+quality+OR+flood!+OR+drought!+OR+channel+OR+canal+OR+hydroelect!+OR+reservoir+OR+groundwater+OR+aquifer+OR+drought+OR+recharge+OR+%22water+table%22+OR+%22bore+hole%22)+and+hlead(treaty+OR+agree!+OR+negotiat!+OR+resolution+OR+commission+OR+secretariat+OR+joint+management+OR+basin+management+OR+peace+OR+accord+OR+%22peace+accord%22+OR+settle!+OR+cooperat!+OR+collaborat!+OR+disput!+OR+conflict!+OR+disagree!+OR+sanction!+OR+war+OR+troops+OR+%22letter+of+protest%22+OR+hostility+OR+%22shots+fired%22+OR+boycott+OR+protest!+OR+appeal+OR+intent+OR+reject+OR+threat!+OR+force+OR+coerce+OR+assault+OR+fight+OR+demand+OR+disapprove+OR+diploma!+OR+statement+OR+memorandum)+and+hlead(Cemerice+OR+Drin+OR+Drinizi+OR+Fshat+OR+Gjemon+OR+Gjonc+OR+Kamenice+OR+Kasaj+OR+Lavdan+OR+Leminot+OR+Markez+OR+Ohridsko+Jezero+OR+Lake+Ohrid+OR+Prifte+OR+Sopale+OR+Teqese+OR+T%27plan+OR+Tropoje+OR+Verlen+OR+Zberga+OR+Beli+Drim+OR+Pecska+Bistrica)+and+not+hlead(ocean+OR+navigat!+OR+nuclear+OR+%22water+cannon%22+OR+%22light+water+reactor%22+OR+%22mineral+water%22+OR+%22hold+water%22+OR+%22cold+water%22+OR+%22hot+water%22+OR+%22water+canister%22+OR+%22water+tight%22+OR+%22+water+down%22+OR+%22flood+of+refugees%22+OR+Rivera+OR+Suez+OR+Panama+OR+oil+OR+drugs+OR+%22three+gorges%22+OR+waterski+OR+watermelon+OR+dishwater+OR+waterproof+OR+%E2%80%9Cwater+resistant%E2%80%9D+OR+%E2%80%9Cwater+bath%E2%80%9D)&pdsearchtype=SearchBox&pdtypeofsearch=searchboxclick&pdsf=&pdquerytemplateid=&pdtimeline=06%2F30%2F2008to07%2F01%2F2023%7Cdatebetween&pdfromadvancedsearchpage=true&ecomp=qxLg9kk&earg=pdpsf&prid=d7000717-2661-4f9f-bce1-069052346960
A72: DSHT | B72: Dasht | C72: Rachel | D72: Y (15 July 2022) | E72: 15 July 2022 - 15 March 2024 | F72: Y | G72: DSHT_excel.xlsx | H72: Y | I72: https://advance-lexis-com.ezproxy.library.tufts.edu/search/?pdmfid=1516831&crid=ec6a221f-a0a6-4a59-bf93-cd04f72d7616&pdpsf=&pdpost=&pdstartin=urn%3Ahlct%3A16&pdsearchterms=hlead(*water*+OR+river*+OR+lake+OR+dam+OR+stream+OR+tributary+OR+diversion+OR+irrigation+OR+pollution+OR+water+quality+OR+flood!+OR+drought!+OR+channel+OR+canal+OR+hydroelect!+OR+reservoir+OR+groundwater+OR+aquifer+OR+drought+OR+recharge+OR+%22water+table%22+OR+%22bore+hole%22)+and+hlead(treaty+OR+agree!+OR+negotiat!+OR+resolution+OR+commission+OR+secretariat+OR+joint+management+OR+basin+management+OR+peace+OR+accord+OR+%22peace+accord%22+OR+settle!+OR+cooperat!+OR+collaborat!+OR+disput!+OR+conflict!+OR+disagree!+OR+sanction!+OR+war+OR+troops+OR+%22letter+of+protest%22+OR+hostility+OR+%22shots+fired%22+OR+boycott+OR+protest!+OR+appeal+OR+intent+OR+reject+OR+threat!+OR+force+OR+coerce+OR+assault+OR+fight+OR+demand+OR+disapprove+OR+diploma!+OR+statement+OR+memorandum)+and+hlead(Dasht)+and+not+hlead(ocean+OR+navigat!+OR+nuclear+OR+%22water+cannon%22+OR+%22light+water+reactor%22+OR+%22mineral+water%22+OR+%22hold+water%22+OR+%22cold+water%22+OR+%22hot+water%22+OR+%22water+canister%22+OR+%22water+tight%22+OR+%22+water+down%22+OR+%22flood+of+refugees%22+OR+Rivera+OR+Suez+OR+Panama+OR+oil+OR+drugs+OR+%22three+gorges%22+OR+waterski+OR+watermelon+OR+dishwater+OR+waterproof+OR+%22water+resistant%22+OR+%22water+bath%22+)&pdsearchtype=SearchBox&pdtypeofsearch=searchboxclick&pdsf=&pdquerytemplateid=&pdtimeline=undefined%7Calldates&pdfromadvancedsearchpage=true&ecomp=xxLg9kk&earg=pdpsf&prid=23f3da92-673e-45a2-9b9e-22ed73f58158
A73: DUGV | B73: Daugava | C73: Molly | D73: Y (1 July 2023) | E73: 1 July 2023 - 15 March 2024 | F73: Y | G73: DUGV_excel.xlsx | H73: Y | I73: https://advance-lexis-com.ezproxy.library.tufts.edu/search/?pdmfid=1516831&crid=e28ab2be-8da9-4a62-a481-580ecbdd6b4d&pdpsf=&pdpost=&pdstartin=urn%3Ahlct%3A16&pdsearchterms=hlead(*water*+OR+river*+OR+lake+OR+dam+OR+stream+OR+tributary+OR+diversion+OR+irrigation+OR+pollution+OR+water+quality+OR+flood!+OR+drought!+OR+channel+OR+canal+OR+hydroelect!+OR+reservoir+OR+groundwater+OR+aquifer+OR+drought+OR+recharge+OR+%22water+table%22+OR+%22bore+hole%22)+and+hlead(treaty+OR+agree!+OR+negotiat!+OR+resolution+OR+commission+OR+secretariat+OR+joint+management+OR+basin+management+OR+peace+OR+accord+OR+%22peace+accord%22+OR+settle!+OR+cooperat!+OR+collaborat!+OR+disput!+OR+conflict!+OR+disagree!+OR+sanction!+OR+war+OR+troops+OR+%22letter+of+protest%22+OR+hostility+OR+%22shots+fired%22+OR+boycott+OR+protest!+OR+appeal+OR+intent+OR+reject+OR+threat!+OR+force+OR+coerce+OR+assault+OR+fight+OR+demand+OR+disapprove+OR+diploma!+OR+statement+OR+memorandum)+and+hlead(Drysa+OR+Dzirina+Zakh+OR+Dzisna+OR+Voz+Drysvyaty+OR+Voz+Snudy+OR+Levuo+OR+Aiviekeste+OR+Berze+OR+Daugava+OR+Lecaba+OR+Lielupe+OR+Lubanas+Ezers+OR+Lucava+OR+Maita+OR+Memele+OR+Misa+OR+Musa+OR+Ogre+OR+Pededze+OR+Reznas+Ezers+OR+Rusonu+Ezers+OR+Sivera+Ezers+OR+Svete)+and+not+hlead(ocean+OR+navigat!+OR+nuclear+OR+%22water+cannon%22+OR+%22light+water+reactor%22+OR+%22mineral+water%22+OR+%22hold+water%22+OR+%22cold+water%22+OR+%22hot+water%22+OR+%22water+canister%22+OR+%22water+tight%22+OR+%22+water+down%22+OR+%22flood+of+refugees%22+OR+Rivera+OR+Suez+OR+Panama+OR+oil+OR+drugs+OR+%22three+gorges%22+OR+waterski+OR+watermelon+OR+dishwater+OR+waterproof+OR+%22water+resistant%22+OR+%22water+bath%22+)&pdsearchtype=SearchBox&pdtypeofsearch=searchboxclick&pdsf=&pdquerytemplateid=&pdtimeline=undefined%7Calldates&pdfromadvancedsearchpage=true&ecomp=xxLg9kk&earg=pdpsf&prid=23f3da92-673e-45a2-9b9e-22ed73f58158
A74: DURO | B74: Douro/Duero | C74: Rachel | D74: N | E74: Update Sheet to 15 March 2024 | F74: Need Add to 2024 | G74: DURO_excel.xlsx | I74: https://advance-lexis-com.ezproxy.library.tufts.edu/search/?pdmfid=1516831&crid=bc0b27ea-6b4f-4af3-ba39-77c362e3f42e&pdpsf=&pdpost=&pdstartin=urn%3Ahlct%3A16&oc
A75: EBRO | B75: Ebro | C75: Selena | D75: N | E75: Update Sheet to 15 March 2024 | F75: Y | G75: EBRO_excel.xlsx | H75: Y | I75: https://advance-lexis-com.ezproxy.library.tufts.edu/search/?pdmfid=1516831&crid=2efcc3c1-efff-445c-a28b-5d6da530eda6&pdpsf=&pdpost=&pdstartin=urn%3Ahlct%3A16&pdsearchterms=hlead(*water*+OR+river*+OR+lake+OR+dam+OR+stream+OR+tributary+OR+diversion+OR+irrigation+OR+pollution+OR+water+quality+OR+flood!+OR+drought!+OR+channel+OR+canal+OR+hydroelect!+OR+reservoir+OR+groundwater+OR+aquifer+OR+drought+OR+recharge+OR+%22water+table%22+OR+%22bore+hole%22)+and+hlead(treaty+OR+agree!+OR+negotiat!+OR+resolution+OR+commission+OR+secretariat+OR+joint+management+OR+basin+management+OR+peace+OR+accord+OR+%22peace+accord%22+OR+settle!+OR+cooperat!+OR+collaborat!+OR+disput!+OR+conflict!+OR+disagree!+OR+sanction!+OR+war+OR+troops+OR+%22letter+of+protest%22+OR+hostility+OR+%22shots+fired%22+OR+boycott+OR+protest!+OR+appeal+OR+intent+OR+reject+OR+threat!+OR+force+OR+coerce+OR+assault+OR+fight+OR+demand+OR+disapprove+OR+diploma!+OR+statement+OR+memorandum)+and+hlead(CAPS(Aguas+Limpias)+OR+Al+canadre+OR+Ara+OR+Aragon+OR+Arba+OR+Arga+OR+Barranco+El+Grado+OR+Bergantes+OR+Cinca+OR+Ebro+OR+Embalse+de+Santolea+OR+Embalse+de+Sotonera+OR+Embalse+de+Canelles+OR+Embalse+de+Mediano+OR+Embalse+de+Santa+Anna+OR+Embalse+de+Talarn+OR+Embalse+de+Yesa+OR+Embalse+de+Mequinenza+OR+Esca+OR+Escarra+OR+Esera+OR+Espot+OR+Gallego+OR+Guadalope+OR+Huerva+OR+Irati+OR+Jalon+OR+Jiloca+OR+Lago+Arriel+OR+Martcn+OR+Noguera+Pallaresa+OR+Noguera+Ribagorzana+OR+Panta+de+Riva-roga+OR+Peguera+OR+Pineta+OR+Riguel+OR+Segre+OR+Somero+OR+Urdiceto)+and+not+hlead(ocean+OR+navigat!+OR+nuclear+OR+%22water+cannon%22+OR+%22light+water+reactor%22+OR+%22mineral+water%22+OR+%22hold+water%22+OR+%22cold+water%22+OR+%22hot+water%22+OR+%22water+canister%22+OR+%22water+tight%22+OR+%22+water+down%22+OR+%22flood+of+refugees%22+OR+Rivera+OR+Suez+OR+Panama+OR+oil+OR+drugs+OR+%22three+gorges%22+OR+waterski+OR+watermelon+OR+dishwater+OR+waterproof+OR+%E2%80%9Cwater+resistant%E2%80%9D+OR+%E2%80%9Cwater+bath%E2%80%9D+)&pdsearchtype=SearchBox&pdtypeofsearch=searchboxclick&pdsf=&oc
A76: ELBE | B76: Elbe | C76: Molly | D76: N | E76: Update Sheet to 15 March 2024 | F76: Y | G76: ELBE_excel.xlsx | I76: https://advance-lexis-com.ezproxy.library.tufts.edu/search/?pdmfid=1516831&crid=9eec26f9-71d1-4593-97d6-02fbf647ebc3&pdpsf=&pdpost=&pdstartin=urn%3Ahlct%3A16&pdsearchterms=hlead(*water*+OR+river*+OR+lake+OR+dam+OR+stream+OR+tributary+OR+diversion+OR+irrigation+OR+pollution+OR+water+quality+OR+flood!+OR+drought!+OR+channel+OR+canal+OR+hydroelect!+OR+reservoir+OR+groundwater+OR+aquifer+OR+drought+OR+recharge+OR+%22water+table%22+OR+%22bore+hole%22)+and+hlead(treaty+OR+agree!+OR+negotiat!+OR+resolution+OR+commission+OR+secretariat+OR+joint+management+OR+basin+management+OR+peace+OR+accord+OR+%22peace+accord%22+OR+settle!+OR+cooperat!+OR+collaborat!+OR+disput!+OR+conflict!+OR+disagree!+OR+sanction!+OR+war+OR+troops+OR+%22letter+of+protest%22+OR+hostility+OR+%22shots+fired%22+OR+boycott+OR+protest!+OR+appeal+OR+intent+OR+reject+OR+threat!+OR+force+OR+coerce+OR+assault+OR+fight+OR+demand+OR+disapprove+OR+diploma!+OR+statement+OR+memorandum)+and+hlead(Elbe+OR+Bilina+OR+Moricuv+potok+OR+Mze+OR+Odrava+OR+Ohre+OR+Ploucnice+OR+Radbuza+OR+Tepla+OR+Aland+OR+Alster+OR+Biese+OR+Bleiloch+Talsperre+OR+Bode+OR+Do+sse+OR+Dumme+OR+Ehle+OR+Fiener+Bruch+OR+Fuhne+OR+Havel+OR+Ilm+OR+Jeetzel+OR+Kalte+Bode+OR+Milde+OR+Mulde+OR+Rappbode+OR+Saale+OR+Schaal+see+OR+Schilde+OR+Schwarze+Elster+OR+Selke+OR+Stepenitz+OR+Stor+OR+Sude+OR+Uchte+OR+Wipper+OR+Zillierbach)+and+not+hlead(ocean+OR+navigat!+OR+nuclear+OR+%22water+cannon%22+OR+%22light+water+reactor%22+OR+%22mineral+water%22+OR+%22hold+water%22+OR+%22cold+water%22+OR+%22hot+water%22+OR+%22water+canister%22+OR+%22water+tight%22+OR+%22+water+down%22+OR+%22flood+of+refugees%22+OR+Rivera+OR+Suez+OR+Panama+OR+oil+OR+drugs+OR+%22three+gorges%22+OR+waterski+OR+watermelon+OR+dishwater+OR+waterproof+OR+%E2%80%9Cwater+resistant%E2%80%9D+OR+%E2%80%9Cwater+bath%E2%80%9D)&pdsearchtype=SearchBox&pdtypeofsearch=searchboxclick&pdsf=&pdquerytemplateid=&pdtimeline=06%2F30%2F2008to07%2F01%2F2023%7Cdatebetween&pdfromadvancedsearchpage=true&ecomp=qxLg9kk&earg=pdpsf&prid=557a7b65-7153-418e-882c-c69412ac0387
A77: ELNK | B77: Elancik | C77: Molly | D77: N | E77: Update Sheet to 15 March 2024 | F77: Need Add to 2024 | G77: No Results, No Sheet | I77: No Results: https://advance-lexis-com.ezproxy.library.tufts.edu/search/?pdmfid=1516831&crid=eb3bc25c-74a0-4a56-9193-92c33dfc0cf9&pdpsf=&pdpost=&pdstartin=urn%3Ahlct%3A16&pdsearchterms=hlead(*water*+OR+river*+OR+lake+OR+dam+OR+stream+OR+tributary+OR+diversion+OR+irrigation+OR+pollution+OR+water+quality+OR+flood!+OR+drought!+OR+channel+OR+canal+OR+hydroelect!+OR+reservoir+OR+groundwater+OR+aquifer+OR+drought+OR+recharge+OR+%22water+table%22+OR+%22bore+hole%22)+and+hlead(treaty+OR+agree!+OR+negotiat!+OR+resolution+OR+commission+OR+secretariat+OR+joint+management+OR+basin+management+OR+peace+OR+accord+OR+%22peace+accord%22+OR+settle!+OR+cooperat!+OR+collaborat!+OR+disput!+OR+conflict!+OR+disagree!+OR+sanction!+OR+war+OR+troops+OR+%22letter+of+protest%22+OR+hostility+OR+%22shots+fired%22+OR+boycott+OR+protest!+OR+appeal+OR+intent+OR+reject+OR+threat!+OR+force+OR+coerce+OR+assault+OR+fight+OR+demand+OR+disapprove+OR+diploma!+OR+statement+OR+memorandum)+and+hlead(Elancik)+and+not+hlead(ocean+OR+navigat!+OR+nuclear+OR+%22water+cannon%22+OR+%22light+water+reactor%22+OR+%22mineral+water%22+OR+%22hold+water%22+OR+%22cold+water%22+OR+%22hot+water%22+OR+%22water+canister%22+OR+%22water+tight%22+OR+%22+water+down%22+OR+%22flood+of+refugees%22+OR+Rivera+OR+Suez+OR+Panama+OR+oil+OR+drugs+OR+%22three+gorges%22+OR+waterski+OR+watermelon+OR+dishwater+OR+waterproof+OR+%E2%80%9Cwater+resistant%E2%80%9D+OR+%E2%80%9Cwater+bath%E2%80%9D)&pdsearchtype=SearchBox&pdtypeofsearch=searchboxclick&pdsf=&pdquerytemplateid=&pdtimeline=06%2F30%2F2008to07%2F01%2F2023%7Cdatebetween&pdfromadvancedsearchpage=true&ecomp=qxLg9kk&earg=pdpsf&prid=c9c2ecba-7beb-42a5-a60a-a5e918b6ccab
A78: ERNE | B78: Erne | C78: Rachel | D78: Y (15 July 2022) | E78: 15 July 2022 - 15 March 2024 | F78: Y | G78: ERNE_excel.xlsx | H78: Y | I78: https://advance-lexis-com.ezproxy.library.tufts.edu/search/?pdmfid=1516831&crid=3c792f09-00d6-4086-89fb-2bbbb4d292c6&pdpsf=&pdpost=&pdstartin=urn%3Ahlct%3A16&pdsearchterms=hlead(*water*+OR+river*+OR+lake+OR+dam+OR+stream+OR+tributary+OR+diversion+OR+irrigation+OR+pollution+OR+water+quality+OR+flood!+OR+drought!+OR+channel+OR+canal+OR+hydroelect!+OR+reservoir+OR+groundwater+OR+aquifer+OR+drought+OR+recharge+OR+%22water+table%22+OR+%22bore+hole%22)+and+hlead(treaty+OR+agree!+OR+negotiat!+OR+resolution+OR+commission+OR+secretariat+OR+joint+management+OR+basin+management+OR+peace+OR+accord+OR+%22peace+accord%22+OR+settle!+OR+cooperat!+OR+collaborat!+OR+disput!+OR+conflict!+OR+disagree!+OR+sanction!+OR+war+OR+troops+OR+%22letter+of+protest%22+OR+hostility+OR+%22shots+fired%22+OR+boycott+OR+protest!+OR+appeal+OR+intent+OR+reject+OR+threat!+OR+force+OR+coerce+OR+assault+OR+fight+OR+demand+OR+disapprove+OR+diploma!+OR+statement+OR+memorandum)+and+hlead(Erne+OR+Lower+Lough+Erne+OR+Upper+Lough+Erne)+and+not+hlead(ocean+OR+navigat!+OR+nuclear+OR+%22water+cannon%22+OR+%22light+water+reactor%22+OR+%22mineral+water%22+OR+%22hold+water%22+OR+%22cold+water%22+OR+%22hot+water%22+OR+%22water+canister%22+OR+%22water+tight%22+OR+%22+water+down%22+OR+%22flood+of+refugees%22+OR+Rivera+OR+Suez+OR+Panama+OR+oil+OR+drugs+OR+%22three+gorges%22+OR+waterski+OR+watermelon+OR+dishwater+OR+waterproof+OR+%22water+resistant%22+OR+%22water+bath%22+)&pdsearchtype=SearchBox&pdtypeofsearch=searchboxclick&pdsf=&pdquerytemplateid=&pdtimeline=undefined%7Calldates&pdfromadvancedsearchpage=true&ecomp=xxLg9kk&earg=pdpsf&prid=23f3da92-673e-45a2-9b9e-22ed73f58158
A79: ESQB | B79: Essequibo | C79: Rachel | D79: Y (15 July 2022) | E79: 15 July 2022 - 15 March 2024 | F79: Y | G79: ESQB_excel.xlsx | H79: Y | I79: https://advance-lexis-com.ezproxy.library.tufts.edu/search/?pdmfid=1516831&crid=be303dda-00a4-428d-8ad2-812ee1be0d26&pdpsf=&pdpost=&pdstartin=urn%3Ahlct%3A16&pdsearchterms=hlead(*water*+OR+river*+OR+lake+OR+dam+OR+stream+OR+tributary+OR+diversion+OR+irrigation+OR+pollution+OR+water+quality+OR+flood!+OR+drought!+OR+channel+OR+canal+OR+hydroelect!+OR+reservoir+OR+groundwater+OR+aquifer+OR+drought+OR+recharge+OR+%22water+table%22+OR+%22bore+hole%22)+and+hlead(treaty+OR+agree!+OR+negotiat!+OR+resolution+OR+commission+OR+secretariat+OR+joint+management+OR+basin+management+OR+peace+OR+accord+OR+%22peace+accord%22+OR+settle!+OR+cooperat!+OR+collaborat!+OR+disput!+OR+conflict!+OR+disagree!+OR+sanction!+OR+war+OR+troops+OR+%22letter+of+protest%22+OR+hostility+OR+%22shots+fired%22+OR+boycott+OR+protest!+OR+appeal+OR+intent+OR+reject+OR+threat!+OR+force+OR+coerce+OR+assault+OR+fight+OR+demand+OR+disapprove+OR+diploma!+OR+statement+OR+memorandum)+and+hlead(Essequibo+OR+Burro-Burro+OR+Illiwa+OR+Kwitaro+OR+Mazarani+OR+Mazaruni+OR+Rupununi+OR+Siaruni+OR+Takutu+OR+Tacuta+OR+Cuyuni)+and+not+hlead(ocean+OR+navigat!+OR+nuclear+OR+%22water+cannon%22+OR+%22light+water+reactor%22+OR+%22mineral+water%22+OR+%22hold+water%22+OR+%22cold+water%22+OR+%22hot+water%22+OR+%22water+canister%22+OR+%22water+tight%22+OR+%22+water+down%22+OR+%22flood+of+refugees%22+OR+Rivera+OR+Suez+OR+Panama+OR+oil+OR+drugs+OR+%22three+gorges%22+OR+waterski+OR+watermelon+OR+dishwater+OR+waterproof+OR+%22water+resistant%22+OR+%22water+bath%22+)&pdsearchtype=SearchBox&pdtypeofsearch=searchboxclick&pdsf=&pdquerytemplateid=&pdtimeline=undefined%7Calldates&pdfromadvancedsearchpage=true&ecomp=xxLg9kk&earg=pdpsf&prid=23f3da92-673e-45a2-9b9e-22ed73f58158
A80: ETOS | B80: Cuvelai/Etosha | C80: Rachel | D80: Y (15 July 2022) | E80: 15 July 2022 - 15 March 2024 | F80: Y | G80: ETOS_excel.xlsx | H80: Y | I80: https://advance-lexis-com.ezproxy.library.tufts.edu/search/?pdmfid=1516831&crid=b2fc88af-0427-4c15-ae54-182c84350589&pdpsf=&pdpost=&pdstartin=urn%3Ahlct%3A16&pdsearchterms=hlead(*water*+OR+river*+OR+lake+OR+dam+OR+stream+OR+tributary+OR+diversion+OR+irrigation+OR+pollution+OR+water+quality+OR+flood!+OR+drought!+OR+channel+OR+canal+OR+hydroelect!+OR+reservoir+OR+groundwater+OR+aquifer+OR+drought+OR+recharge+OR+%22water+table%22+OR+%22bore+hole%22)+and+hlead(treaty+OR+agree!+OR+negotiat!+OR+resolution+OR+commission+OR+secretariat+OR+joint+management+OR+basin+management+OR+peace+OR+accord+OR+%22peace+accord%22+OR+settle!+OR+cooperat!+OR+collaborat!+OR+disput!+OR+conflict!+OR+disagree!+OR+sanction!+OR+war+OR+troops+OR+%22letter+of+protest%22+OR+hostility+OR+%22shots+fired%22+OR+boycott+OR+protest!+OR+appeal+OR+intent+OR+reject+OR+threat!+OR+force+OR+coerce+OR+assault+OR+fight+OR+demand+OR+disapprove+OR+diploma!+OR+statement+OR+memorandum)+and+hlead(Cuvelai+OR+Etosha)+and+not+hlead(ocean+OR+navigat!+OR+nuclear+OR+%22water+cannon%22+OR+%22light+water+reactor%22+OR+%22mineral+water%22+OR+%22hold+water%22+OR+%22cold+water%22+OR+%22hot+water%22+OR+%22water+canister%22+OR+%22water+tight%22+OR+%22+water+down%22+OR+%22flood+of+refugees%22+OR+Rivera+OR+Suez+OR+Panama+OR+oil+OR+drugs+OR+%22three+gorges%22+OR+waterski+OR+watermelon+OR+dishwater+OR+waterproof+OR+%22water+resistant%22+OR+%22water+bath%22+)&pdsearchtype=SearchBox&pdtypeofsearch=searchboxclick&pdsf=&pdquerytemplateid=&pdtimeline=undefined%7Calldates&pdfromadvancedsearchpage=true&ecomp=xxLg9kk&earg=pdpsf&prid=23f3da92-673e-45a2-9b9e-22ed73f58158
A81: FANE | B81: Fane | C81: Rachel | D81: Y (15 July 2022) | E81: 15 July 2022 - 15 March 2024 | F81: Y | G81: FANE_excel.xlsx | H81: Y | I81: https://advance-lexis-com.ezproxy.library.tufts.edu/search/?pdmfid=1516831&crid=3cfd586e-cd6f-4055-b7ca-002387f89e95&pdpsf=&pdpost=&pdstartin=urn%3Ahlct%3A16&pdsearchterms=hlead(*water*+OR+river*+OR+lake+OR+dam+OR+stream+OR+tributary+OR+diversion+OR+irrigation+OR+pollution+OR+water+quality+OR+flood!+OR+drought!+OR+channel+OR+canal+OR+hydroelect!+OR+reservoir+OR+groundwater+OR+aquifer+OR+drought+OR+recharge+OR+%22water+table%22+OR+%22bore+hole%22)+and+hlead(treaty+OR+agree!+OR+negotiat!+OR+resolution+OR+commission+OR+secretariat+OR+joint+management+OR+basin+management+OR+peace+OR+accord+OR+%22peace+accord%22+OR+settle!+OR+cooperat!+OR+collaborat!+OR+disput!+OR+conflict!+OR+disagree!+OR+sanction!+OR+war+OR+troops+OR+%22letter+of+protest%22+OR+hostility+OR+%22shots+fired%22+OR+boycott+OR+protest!+OR+appeal+OR+intent+OR+reject+OR+threat!+OR+force+OR+coerce+OR+assault+OR+fight+OR+demand+OR+disapprove+OR+diploma!+OR+statement+OR+memorandum)+and+hlead(Fane)+and+not+hlead(ocean+OR+navigat!+OR+nuclear+OR+%22water+cannon%22+OR+%22light+water+reactor%22+OR+%22mineral+water%22+OR+%22hold+water%22+OR+%22cold+water%22+OR+%22hot+water%22+OR+%22water+canister%22+OR+%22water+tight%22+OR+%22+water+down%22+OR+%22flood+of+refugees%22+OR+Rivera+OR+Suez+OR+Panama+OR+oil+OR+drugs+OR+%22three+gorges%22+OR+waterski+OR+watermelon+OR+dishwater+OR+waterproof+OR+%22water+resistant%22+OR+%22water+bath%22+)&pdsearchtype=SearchBox&pdtypeofsearch=searchboxclick&pdsf=&pdquerytemplateid=&pdtimeline=undefined%7Calldates&pdfromadvancedsearchpage=true&ecomp=xxLg9kk&earg=pdpsf&prid=23f3da92-673e-45a2-9b9e-22ed73f58158
A82: FLRY | B82: Flurry | C82: Molly | D82: Y (1 July 2023) | E82: 1 July 2023 - 15 March 2024 | F82: Y | G82: FLRY_excel.xlsx | H82: Y | I82: https://advance-lexis-com.ezproxy.library.tufts.edu/search/?pdmfid=1516831&crid=0320dd96-8cba-420b-96f5-b3d6f35c61c2&pdpsf=&pdpost=&pdstartin=urn%3Ahlct%3A16&pdsearchterms=hlead(*water*+OR+river*+OR+lake+OR+dam+OR+stream+OR+tributary+OR+diversion+OR+irrigation+OR+pollution+OR+water+quality+OR+flood!+OR+drought!+OR+channel+OR+canal+OR+hydroelect!+OR+reservoir+OR+groundwater+OR+aquifer+OR+drought+OR+recharge+OR+%22water+table%22+OR+%22bore+hole%22)+and+hlead(treaty+OR+agree!+OR+negotiat!+OR+resolution+OR+commission+OR+secretariat+OR+joint+management+OR+basin+management+OR+peace+OR+accord+OR+%22peace+accord%22+OR+settle!+OR+cooperat!+OR+collaborat!+OR+disput!+OR+conflict!+OR+disagree!+OR+sanction!+OR+war+OR+troops+OR+%22letter+of+protest%22+OR+hostility+OR+%22shots+fired%22+OR+boycott+OR+protest!+OR+appeal+OR+intent+OR+reject+OR+threat!+OR+force+OR+coerce+OR+assault+OR+fight+OR+demand+OR+disapprove+OR+diploma!+OR+statement+OR+memorandum)+and+hlead(CAPS(Flurry))+and+not+hlead(ocean+OR+navigat!+OR+nuclear+OR+%22water+cannon%22+OR+%22light+water+reactor%22+OR+%22mineral+water%22+OR+%22hold+water%22+OR+%22cold+water%22+OR+%22hot+water%22+OR+%22water+canister%22+OR+%22water+tight%22+OR+%22+water+down%22+OR+%22flood+of+refugees%22+OR+Rivera+OR+Suez+OR+Panama+OR+oil+OR+drugs+OR+%22three+gorges%22+OR+waterski+OR+watermelon+OR+dishwater+OR+waterproof+OR+%22water+resistant%22+OR+%22water+bath%22+)&pdsearchtype=SearchBox&pdtypeofsearch=searchboxclick&pdsf=&pdquerytemplateid=&pdtimeline=undefined%7Calldates&pdfromadvancedsearchpage=true&ecomp=xxLg9kk&earg=pdpsf&prid=23f3da92-673e-45a2-9b9e-22ed73f58158
A83: FLYX | B83: Fly | C83: Molly | D83: Y (1 July 2023) | E83: 1 July 2023 - 15 March 2024 | F83: Y | G83: FLYX_excel.xlsx | H83: Y | I83: https://advance-lexis-com.ezproxy.library.tufts.edu/search/?pdmfid=1516831&crid=11a1bce5-4737-4648-943e-932e04c76dc0&pdpsf=&pdpost=&pdstartin=urn%3Ahlct%3A16&pdsearchterms=hlead(*water*+OR+river*+OR+lake+OR+dam+OR+stream+OR+tributary+OR+diversion+OR+irrigation+OR+pollution+OR+water+quality+OR+flood!+OR+drought!+OR+channel+OR+canal+OR+hydroelect!+OR+reservoir+OR+groundwater+OR+aquifer+OR+drought+OR+recharge+OR+%22water+table%22+OR+%22bore+hole%22)+and+hlead(treaty+OR+agree!+OR+negotiat!+OR+resolution+OR+commission+OR+secretariat+OR+joint+management+OR+basin+management+OR+peace+OR+accord+OR+%22peace+accord%22+OR+settle!+OR+cooperat!+OR+collaborat!+OR+disput!+OR+conflict!+OR+disagree!+OR+sanction!+OR+war+OR+troops+OR+%22letter+of+protest%22+OR+hostility+OR+%22shots+fired%22+OR+boycott+OR+protest!+OR+appeal+OR+intent+OR+reject+OR+threat!+OR+force+OR+coerce+OR+assault+OR+fight+OR+demand+OR+disapprove+OR+diploma!+OR+statement+OR+memorandum)+and+hlead(CAPS(Fly))+and+not+hlead(ocean+OR+navigat!+OR+nuclear+OR+%22water+cannon%22+OR+%22light+water+reactor%22+OR+%22mineral+water%22+OR+%22hold+water%22+OR+%22cold+water%22+OR+%22hot+water%22+OR+%22water+canister%22+OR+%22water+tight%22+OR+%22+water+down%22+OR+%22flood+of+refugees%22+OR+Rivera+OR+Suez+OR+Panama+OR+oil+OR+drugs+OR+%22three+gorges%22+OR+waterski+OR+watermelon+OR+dishwater+OR+waterproof+OR+%22water+resistant%22+OR+%22water+bath%22+)&pdsearchtype=SearchBox&pdtypeofsearch=searchboxclick&pdsf=&pdquerytemplateid=&pdtimeline=undefined%7Calldates&pdfromadvancedsearchpage=true&ecomp=xxLg9kk&earg=pdpsf&prid=23f3da92-673e-45a2-9b9e-22ed73f58158
A84: FNNY | B84: Fenney | C84: Rachel | D84: Y (15 July 2022) | E84: 15 July 2022 - 15 March 2024 | F84: Y | G84: FNNY_excel.xlsx | H84: Y | I84: https://advance-lexis-com.ezproxy.library.tufts.edu/search/?pdmfid=1516831&crid=57da4d69-616b-47e6-a103-1f9995183849&pdpsf=&pdpost=&pdstartin=urn%3Ahlct%3A16&pdsearchterms=hlead(*water*+OR+river*+OR+lake+OR+dam+OR+stream+OR+tributary+OR+diversion+OR+irrigation+OR+pollution+OR+water+quality+OR+flood!+OR+drought!+OR+channel+OR+canal+OR+hydroelect!+OR+reservoir+OR+groundwater+OR+aquifer+OR+drought+OR+recharge+OR+%22water+table%22+OR+%22bore+hole%22)+and+hlead(treaty+OR+agree!+OR+negotiat!+OR+resolution+OR+commission+OR+secretariat+OR+joint+management+OR+basin+management+OR+peace+OR+accord+OR+%22peace+accord%22+OR+settle!+OR+cooperat!+OR+collaborat!+OR+disput!+OR+conflict!+OR+disagree!+OR+sanction!+OR+war+OR+troops+OR+%22letter+of+protest%22+OR+hostility+OR+%22shots+fired%22+OR+boycott+OR+protest!+OR+appeal+OR+intent+OR+reject+OR+threat!+OR+force+OR+coerce+OR+assault+OR+fight+OR+demand+OR+disapprove+OR+diploma!+OR+statement+OR+memorandum)+and+hlead(Fenney)+and+not+hlead(ocean+OR+navigat!+OR+nuclear+OR+%22water+cannon%22+OR+%22light+water+reactor%22+OR+%22mineral+water%22+OR+%22hold+water%22+OR+%22cold+water%22+OR+%22hot+water%22+OR+%22water+canister%22+OR+%22water+tight%22+OR+%22+water+down%22+OR+%22flood+of+refugees%22+OR+Rivera+OR+Suez+OR+Panama+OR+oil+OR+drugs+OR+%22three+gorges%22+OR+waterski+OR+watermelon+OR+dishwater+OR+waterproof+OR+%22water+resistant%22+OR+%22water+bath%22+)&pdsearchtype=SearchBox&pdtypeofsearch=searchboxclick&pdsf=&pdquerytemplateid=&pdtimeline=undefined%7Calldates&pdfromadvancedsearchpage=true&ecomp=xxLg9kk&earg=pdpsf&prid=23f3da92-673e-45a2-9b9e-22ed73f58158
A85: FOYL | B85: Foyle | C85: Raunaq | D85: Y (1 July 2023) | E85: 1 July 2023 - 15 March 2024 | F85: Y | G85: FOYL_excel.xlsx | H85: Y | I85: https://advance-lexis-com.ezproxy.library.tufts.edu/search/?pdmfid=1516831&crid=1a78a04c-87d9-49c4-ba38-a67583a66951&pdpsf=&pdpost=&pdstartin=urn%3Ahlct%3A16&pdsearchterms=hlead(*water*+OR+river*+OR+lake+OR+dam+OR+stream+OR+tributary+OR+diversion+OR+irrigation+OR+pollution+OR+water+quality+OR+flood!+OR+drought!+OR+channel+OR+canal+OR+hydroelect!+OR+reservoir+OR+groundwater+OR+aquifer+OR+drought+OR+recharge+OR+%22water+table%22+OR+%22bore+hole%22)+and+hlead(treaty+OR+agree!+OR+negotiat!+OR+resolution+OR+commission+OR+secretariat+OR+joint+management+OR+basin+management+OR+peace+OR+accord+OR+%22peace+accord%22+OR+settle!+OR+cooperat!+OR+collaborat!+OR+disput!+OR+conflict!+OR+disagree!+OR+sanction!+OR+war+OR+troops+OR+%22letter+of+protest%22+OR+hostility+OR+%22shots+fired%22+OR+boycott+OR+protest!+OR+appeal+OR+intent+OR+reject+OR+threat!+OR+force+OR+coerce+OR+assault+OR+fight+OR+demand+OR+disapprove+OR+diploma!+OR+statement+OR+memorandum)+and+hlead(Foyle)+and+not+hlead(ocean+OR+navigat!+OR+nuclear+OR+%22water+cannon%22+OR+%22light+water+reactor%22+OR+%22mineral+water%22+OR+%22hold+water%22+OR+%22cold+water%22+OR+%22hot+water%22+OR+%22water+canister%22+OR+%22water+tight%22+OR+%22+water+down%22+OR+%22flood+of+refugees%22+OR+Rivera+OR+Suez+OR+Panama+OR+oil+OR+drugs+OR+%22three+gorges%22+OR+waterski+OR+watermelon+OR+dishwater+OR+waterproof+OR+%22water+resistant%22+OR+%22water+bath%22+)&pdsearchtype=SearchBox&pdtypeofsearch=searchboxclick&pdsf=&pdquerytemplateid=&pdtimeline=undefined%7Calldates&pdfromadvancedsearchpage=true&ecomp=xxLg9kk&earg=pdpsf&prid=23f3da92-673e-45a2-9b9e-22ed73f58158
A86: FRSR | B86: Fraser | C86: Rachel | D86: N | E86: Update Sheet to 15 March 2024 | F86: Need Add to 2024 | G86: FRSR_excel.xlsx | I86: https://advance-lexis-com.ezproxy.library.tufts.edu/search/?pdmfid=1516831&crid=32fbbde7-68a5-41fe-9351-8915f54ee649&pdpsf=&pdpost=&pdstartin=urn%3Ahlct%3A16&oc
A87: FRTH | B87: Firth | C87: Selena | D87: N | E87: Update Sheet to 15 March 2024 | F87: Y | G87: FRTH_excel.xlsx | H87: Y | I87: https://advance-lexis-com.ezproxy.library.tufts.edu/search/?pdmfid=1516831&crid=424f41b8-eea6-4c7d-a141-d184de22df12&pdpsf=&pdpost=&pdstartin=urn%3Ahlct%3A16&pdsearchterms=hlead(*water*+OR+river*+OR+lake+OR+dam+OR+stream+OR+tributary+OR+diversion+OR+irrigation+OR+pollution+OR+water+quality+OR+flood!+OR+drought!+OR+channel+OR+canal+OR+hydroelect!+OR+reservoir+OR+groundwater+OR+aquifer+OR+drought+OR+recharge+OR+%22water+table%22+OR+%22bore+hole%22)+and+hlead(treaty+OR+agree!+OR+negotiat!+OR+resolution+OR+commission+OR+secretariat+OR+joint+management+OR+basin+management+OR+peace+OR+accord+OR+%22peace+accord%22+OR+settle!+OR+cooperat!+OR+collaborat!+OR+disput!+OR+conflict!+OR+disagree!+OR+sanction!+OR+war+OR+troops+OR+%22letter+of+protest%22+OR+hostility+OR+%22shots+fired%22+OR+boycott+OR+protest!+OR+appeal+OR+intent+OR+reject+OR+threat!+OR+force+OR+coerce+OR+assault+OR+fight+OR+demand+OR+disapprove+OR+diploma!+OR+statement+OR+memorandum)+and+hlead(Firth+OR+Joe+OR+Mancha)+and+not+hlead(ocean+OR+navigat!+OR+nuclear+OR+%22water+cannon%22+OR+%22light+water+reactor%22+OR+%22mineral+water%22+OR+%22hold+water%22+OR+%22cold+water%22+OR+%22hot+water%22+OR+%22water+canister%22+OR+%22water+tight%22+OR+%22+water+down%22+OR+%22flood+of+refugees%22+OR+Rivera+OR+Suez+OR+Panama+OR+oil+OR+drugs+OR+%22three+gorges%22+OR+waterski+OR+watermelon+OR+dishwater+OR+waterproof+OR+%E2%80%9Cwater+resistant%E2%80%9D+OR+%E2%80%9Cwater+bath%E2%80%9D+)&pdsearchtype=SearchBox&pdtypeofsearch=searchboxclick&pdsf=&pdquerytemplateid=&pdtimeline=undefined%7Calldates&pdfromadvancedsearchpage=true&ecomp=qxLg9kk&earg=pdpsf&prid=22151f5d-1e04-42a1-8a68-d7956acc0dfd
A88: GALG | B88: Gallegos/Chico | C88: Molly | D88: N | E88: Update Sheet to 15 March 2024 | F88: Y | G88: GALG_excel.xlsx | I88: https://advance-lexis-com.ezproxy.library.tufts.edu/search/?pdmfid=1516831&crid=356e8c8c-671d-468a-8f91-e24c3269bf3e&pdpsf=&pdpost=&pdstartin=urn%3Ahlct%3A16&pdsearchterms=hlead(*water*+OR+river*+OR+lake+OR+dam+OR+stream+OR+tributary+OR+diversion+OR+irrigation+OR+pollution+OR+water+quality+OR+flood!+OR+drought!+OR+channel+OR+canal+OR+hydroelect!+OR+reservoir+OR+groundwater+OR+aquifer+OR+drought+OR+recharge+OR+%22water+table%22+OR+%22bore+hole%22)+and+hlead(treaty+OR+agree!+OR+negotiat!+OR+resolution+OR+commission+OR+secretariat+OR+joint+management+OR+basin+management+OR+peace+OR+accord+OR+%22peace+accord%22+OR+settle!+OR+cooperat!+OR+collaborat!+OR+disput!+OR+conflict!+OR+disagree!+OR+sanction!+OR+war+OR+troops+OR+%22letter+of+protest%22+OR+hostility+OR+%22shots+fired%22+OR+boycott+OR+protest!+OR+appeal+OR+intent+OR+reject+OR+threat!+OR+force+OR+coerce+OR+assault+OR+fight+OR+demand+OR+disapprove+OR+diploma!+OR+statement+OR+memorandum)+and+hlead(Gallegos+OR+CAPS(Chico))+and+not+hlead(ocean+OR+navigat!+OR+nuclear+OR+%22water+cannon%22+OR+%22light+water+reactor%22+OR+%22mineral+water%22+OR+%22hold+water%22+OR+%22cold+water%22+OR+%22hot+water%22+OR+%22water+canister%22+OR+%22water+tight%22+OR+%22+water+down%22+OR+%22flood+of+refugees%22+OR+Rivera+OR+Suez+OR+Panama+OR+oil+OR+drugs+OR+%22three+gorges%22+OR+waterski+OR+watermelon+OR+dishwater+OR+waterproof+OR+%E2%80%9Cwater+resistant%E2%80%9D+OR+%E2%80%9Cwater+bath%E2%80%9D)&pdsearchtype=SearchBox&pdtypeofsearch=searchboxclick&pdsf=&pdquerytemplateid=&pdtimeline=06%2F29%2F2008to06%2F30%2F2023%7Cdatebetween&pdfromadvancedsearchpage=true&ecomp=qxLg9kk&earg=pdpsf&prid=361ae249-1b51-4f8d-974c-4ffbfafa8386
A89: GAMB | B89: Gambia | C89: Molly | D89: N | E89: Update Sheet to 15 March 2024 | F89: Y | G89: GAMB_excel.xlsx | I89: https://advance-lexis-com.ezproxy.library.tufts.edu/search/?pdmfid=1516831&crid=e4808135-3e86-4a77-b983-b461fac6b31b&pdpsf=&pdpost=&pdstartin=urn%3Ahlct%3A16&pdsearchterms=hlead(*water*+OR+river*+OR+lake+OR+dam+OR+stream+OR+tributary+OR+diversion+OR+irrigation+OR+pollution+OR+water+quality+OR+flood!+OR+drought!+OR+channel+OR+canal+OR+hydroelect!+OR+reservoir+OR+groundwater+OR+aquifer+OR+drought+OR+recharge+OR+%22water+table%22+OR+%22bore+hole%22)+and+hlead(treaty+OR+agree!+OR+negotiat!+OR+resolution+OR+commission+OR+secretariat+OR+joint+management+OR+basin+management+OR+peace+OR+accord+OR+%22peace+accord%22+OR+settle!+OR+cooperat!+OR+collaborat!+OR+disput!+OR+conflict!+OR+disagree!+OR+sanction!+OR+war+OR+troops+OR+%22letter+of+protest%22+OR+hostility+OR+%22shots+fired%22+OR+boycott+OR+protest!+OR+appeal+OR+intent+OR+reject+OR+threat!+OR+force+OR+coerce+OR+assault+OR+fight+OR+demand+OR+disapprove+OR+diploma!+OR+statement+OR+memorandum)+and+hlead(Gambia+OR+Sandougou)+and+not+hlead(ocean+OR+navigat!+OR+nuclear+OR+%22water+cannon%22+OR+%22light+water+reactor%22+OR+%22mineral+water%22+OR+%22hold+water%22+OR+%22cold+water%22+OR+%22hot+water%22+OR+%22water+canister%22+OR+%22water+tight%22+OR+%22+water+down%22+OR+%22flood+of+refugees%22+OR+Rivera+OR+Suez+OR+Panama+OR+oil+OR+drugs+OR+%22three+gorges%22+OR+waterski+OR+watermelon+OR+dishwater+OR+waterproof+OR+%E2%80%9Cwater+resistant%E2%80%9D+OR+%E2%80%9Cwater+bath%E2%80%9D)&pdsearchtype=SearchBox&pdtypeofsearch=searchboxclick&pdsf=&pdquerytemplateid=&pdtimeline=06%2F30%2F2008to07%2F01%2F2023%7Cdatebetween&pdfromadvancedsearchpage=true&ecomp=qxLg9kk&earg=pdpsf&prid=aff113b6-2cc6-49f7-bcf9-d55d8442ceae
A90: GANG | B90: Ganges-Brahmaputra-Meghna | C90: Rachel | D90: N | E90: Update Sheet to 15 March 2024 | F90: Need Add to 2024 | G90: GANG_excel.xlsx | I90: https://advance-lexis-com.ezproxy.library.tufts.edu/search/?pdmfid=1516831&crid=e89ed53a-fe10-4903-9135-1e93873f2961&pdpsf=&pdpost=&pdstartin=urn%3Ahlct%3A16&oc
A91: GASH | B91: Gash | C91: Selena | D91: N | E91: Update Sheet to 15 March 2024 | F91: Y | G91: GASH_excel.xlsx | H91: Y | I91: https://advance-lexis-com.ezproxy.library.tufts.edu/search/?pdmfid=1516831&crid=f3a133da-90ab-4c4d-991c-bdd5938a5bea&pdpsf=&pdpost=&pdstartin=urn%3Ahlct%3A16&pdsearchterms=hlead(*water*+OR+river*+OR+lake+OR+dam+OR+stream+OR+tributary+OR+diversion+OR+irrigation+OR+pollution+OR+water+quality+OR+flood!+OR+drought!+OR+channel+OR+canal+OR+hydroelect!+OR+reservoir+OR+groundwater+OR+aquifer+OR+drought+OR+recharge+OR+%22water+table%22+OR+%22bore+hole%22)+and+hlead(treaty+OR+agree!+OR+negotiat!+OR+resolution+OR+commission+OR+secretariat+OR+joint+management+OR+basin+management+OR+peace+OR+accord+OR+%22peace+accord%22+OR+settle!+OR+cooperat!+OR+collaborat!+OR+disput!+OR+conflict!+OR+disagree!+OR+sanction!+OR+war+OR+troops+OR+%22letter+of+protest%22+OR+hostility+OR+%22shots+fired%22+OR+boycott+OR+protest!+OR+appeal+OR+intent+OR+reject+OR+threat!+OR+force+OR+coerce+OR+assault+OR+fight+OR+demand+OR+disapprove+OR+diploma!+OR+statement+OR+memorandum)+and+hlead(Gash)+and+not+hlead(ocean+OR+navigat!+OR+nuclear+OR+%22water+cannon%22+OR+%22light+water+reactor%22+OR+%22mineral+water%22+OR+%22hold+water%22+OR+%22cold+water%22+OR+%22hot+water%22+OR+%22water+canister%22+OR+%22water+tight%22+OR+%22+water+down%22+OR+%22flood+of+refugees%22+OR+Rivera+OR+Suez+OR+Panama+OR+oil+OR+drugs+OR+%22three+gorges%22+OR+waterski+OR+watermelon+OR+dishwater+OR+waterproof+OR+%E2%80%9Cwater+resistant%E2%80%9D+OR+%E2%80%9Cwater+bath%E2%80%9D+)&pdsearchtype=SearchBox&pdtypeofsearch=searchboxclick&pdsf=&pdquerytemplateid=&pdtimeline=undefined%7Calldates&pdfromadvancedsearchpage=true&ecomp=qxLg9kk&earg=pdpsf&prid=48c41af8-1dae-41be-b3c2-70390c3997b8
A92: GEBA | B92: Geba-Corubal | C92: Rachel | D92: Y (15 July 2022) | E92: 15 July 2022 - 15 March 2024 | F92: Y | G92: GEBA_excel.xlsx | H92: Y | I92: https://advance-lexis-com.ezproxy.library.tufts.edu/search/?pdmfid=1516831&crid=61964243-5f3a-42ea-b8b6-cce4e699f8a6&pdpsf=&pdpost=&pdstartin=urn%3Ahlct%3A16&pdsearchterms=hlead(*water*+OR+river*+OR+lake+OR+dam+OR+stream+OR+tributary+OR+diversion+OR+irrigation+OR+pollution+OR+water+quality+OR+flood!+OR+drought!+OR+channel+OR+canal+OR+hydroelect!+OR+reservoir+OR+groundwater+OR+aquifer+OR+drought+OR+recharge+OR+%22water+table%22+OR+%22bore+hole%22)+and+hlead(treaty+OR+agree!+OR+negotiat!+OR+resolution+OR+commission+OR+secretariat+OR+joint+management+OR+basin+management+OR+peace+OR+accord+OR+%22peace+accord%22+OR+settle!+OR+cooperat!+OR+collaborat!+OR+disput!+OR+conflict!+OR+disagree!+OR+sanction!+OR+war+OR+troops+OR+%22letter+of+protest%22+OR+hostility+OR+%22shots+fired%22+OR+boycott+OR+protest!+OR+appeal+OR+intent+OR+reject+OR+threat!+OR+force+OR+coerce+OR+assault+OR+fight+OR+demand+OR+disapprove+OR+diploma!+OR+statement+OR+memorandum)+and+hlead(Geba+OR+Corubal+OR+Kayanga)+and+not+hlead(ocean+OR+navigat!+OR+nuclear+OR+%22water+cannon%22+OR+%22light+water+reactor%22+OR+%22mineral+water%22+OR+%22hold+water%22+OR+%22cold+water%22+OR+%22hot+water%22+OR+%22water+canister%22+OR+%22water+tight%22+OR+%22+water+down%22+OR+%22flood+of+refugees%22+OR+Rivera+OR+Suez+OR+Panama+OR+oil+OR+drugs+OR+%22three+gorges%22+OR+waterski+OR+watermelon+OR+dishwater+OR+waterproof+OR+%22water+resistant%22+OR+%22water+bath%22+)&pdsearchtype=SearchBox&pdtypeofsearch=searchboxclick&pdsf=&pdquerytemplateid=&pdtimeline=undefined%7Calldates&pdfromadvancedsearchpage=true&ecomp=xxLg9kk&earg=pdpsf&prid=23f3da92-673e-45a2-9b9e-22ed73f58158
A93: GJLV | B93: Grijalva | C93: Molly | D93: N | E93: Update Sheet to 15 March 2024 | F93: Y | G93: GJLV_excel.xlsx | I93: https://advance-lexis-com.ezproxy.library.tufts.edu/search/?pdmfid=1516831&crid=3700c62c-6be9-45f1-9c06-333bfe0bb400&pdpsf=&pdpost=&pdstartin=urn%3Ahlct%3A16&pdsearchterms=hlead(*water*+OR+river*+OR+lake+OR+dam+OR+stream+OR+tributary+OR+diversion+OR+irrigation+OR+pollution+OR+water+quality+OR+flood!+OR+drought!+OR+channel+OR+canal+OR+hydroelect!+OR+reservoir+OR+groundwater+OR+aquifer+OR+drought+OR+recharge+OR+%22water+table%22+OR+%22bore+hole%22)+and+hlead(treaty+OR+agree!+OR+negotiat!+OR+resolution+OR+commission+OR+secretariat+OR+joint+management+OR+basin+management+OR+peace+OR+accord+OR+%22peace+accord%22+OR+settle!+OR+cooperat!+OR+collaborat!+OR+disput!+OR+conflict!+OR+disagree!+OR+sanction!+OR+war+OR+troops+OR+%22letter+of+protest%22+OR+hostility+OR+%22shots+fired%22+OR+boycott+OR+protest!+OR+appeal+OR+intent+OR+reject+OR+threat!+OR+force+OR+coerce+OR+assault+OR+fight+OR+demand+OR+disapprove+OR+diploma!+OR+statement+OR+memorandum)+and+hlead(Grijalva+OR+Grijalva+OR+CAPS(Azul))+and+not+hlead(ocean+OR+navigat!+OR+nuclear+OR+%22water+cannon%22+OR+%22light+water+reactor%22+OR+%22mineral+water%22+OR+%22hold+water%22+OR+%22cold+water%22+OR+%22hot+water%22+OR+%22water+canister%22+OR+%22water+tight%22+OR+%22+water+down%22+OR+%22flood+of+refugees%22+OR+Rivera+OR+Suez+OR+Panama+OR+oil+OR+drugs+OR+%22three+gorges%22+OR+waterski+OR+watermelon+OR+dishwater+OR+waterproof+OR+%E2%80%9Cwater+resistant%E2%80%9D+OR+%E2%80%9Cwater+bath%E2%80%9D)&pdsearchtype=SearchBox&pdtypeofsearch=searchboxclick&pdsf=&pdquerytemplateid=&pdtimeline=06%2F30%2F2008to07%2F01%2F2023%7Cdatebetween&pdfromadvancedsearchpage=true&ecomp=qxLg9kk&earg=pdpsf&prid=d5b0e834-c850-4903-b587-5d382a230411
A94: GLAM | B94: Glama | C94: Rachel | D94: Y (15 July 2022) | E94: 15 July 2022 - 15 March 2024 | F94: Y | G94: GLAM_excel.xlsx | H94: Y | I94: https://advance-lexis-com.ezproxy.library.tufts.edu/search/?pdmfid=1516831&crid=987fd3f0-6fa9-4ce5-be1a-a9dee0e108ac&pdpsf=&pdpost=&pdstartin=urn%3Ahlct%3A16&pdsearchterms=hlead(*water*+OR+river*+OR+lake+OR+dam+OR+stream+OR+tributary+OR+diversion+OR+irrigation+OR+pollution+OR+water+quality+OR+flood!+OR+drought!+OR+channel+OR+canal+OR+hydroelect!+OR+reservoir+OR+groundwater+OR+aquifer+OR+drought+OR+recharge+OR+%22water+table%22+OR+%22bore+hole%22)+and+hlead(treaty+OR+agree!+OR+negotiat!+OR+resolution+OR+commission+OR+secretariat+OR+joint+management+OR+basin+management+OR+peace+OR+accord+OR+%22peace+accord%22+OR+settle!+OR+cooperat!+OR+collaborat!+OR+disput!+OR+conflict!+OR+disagree!+OR+sanction!+OR+war+OR+troops+OR+%22letter+of+protest%22+OR+hostility+OR+%22shots+fired%22+OR+boycott+OR+protest!+OR+appeal+OR+intent+OR+reject+OR+threat!+OR+force+OR+coerce+OR+assault+OR+fight+OR+demand+OR+disapprove+OR+diploma!+OR+statement+OR+memorandum)+and+hlead(Glama)+and+not+hlead(ocean+OR+navigat!+OR+nuclear+OR+%22water+cannon%22+OR+%22light+water+reactor%22+OR+%22mineral+water%22+OR+%22hold+water%22+OR+%22cold+water%22+OR+%22hot+water%22+OR+%22water+canister%22+OR+%22water+tight%22+OR+%22+water+down%22+OR+%22flood+of+refugees%22+OR+Rivera+OR+Suez+OR+Panama+OR+oil+OR+drugs+OR+%22three+gorges%22+OR+waterski+OR+watermelon+OR+dishwater+OR+waterproof+OR+%22water+resistant%22+OR+%22water+bath%22+)&pdsearchtype=SearchBox&pdtypeofsearch=searchboxclick&pdsf=&pdquerytemplateid=&pdtimeline=undefined%7Calldates&pdfromadvancedsearchpage=true&ecomp=xxLg9kk&earg=pdpsf&prid=23f3da92-673e-45a2-9b9e-22ed73f58158
A95: GLNA | B95: Galana | C95: Rachel | D95: Y (15 July 2022) | E95: 15 July 2022 - 15 March 2024 | F95: Y | G95: GLNA_excel.xlsx | H95: Y | I95: https://advance-lexis-com.ezproxy.library.tufts.edu/search/?pdmfid=1516831&crid=931e6758-7784-4f99-b649-698574383833&pdpsf=&pdpost=&pdstartin=urn%3Ahlct%3A16&pdsearchterms=hlead(*water*+OR+river*+OR+lake+OR+dam+OR+stream+OR+tributary+OR+diversion+OR+irrigation+OR+pollution+OR+water+quality+OR+flood!+OR+drought!+OR+channel+OR+canal+OR+hydroelect!+OR+reservoir+OR+groundwater+OR+aquifer+OR+drought+OR+recharge+OR+%22water+table%22+OR+%22bore+hole%22)+and+hlead(treaty+OR+agree!+OR+negotiat!+OR+resolution+OR+commission+OR+secretariat+OR+joint+management+OR+basin+management+OR+peace+OR+accord+OR+%22peace+accord%22+OR+settle!+OR+cooperat!+OR+collaborat!+OR+disput!+OR+conflict!+OR+disagree!+OR+sanction!+OR+war+OR+troops+OR+%22letter+of+protest%22+OR+hostility+OR+%22shots+fired%22+OR+boycott+OR+protest!+OR+appeal+OR+intent+OR+reject+OR+threat!+OR+force+OR+coerce+OR+assault+OR+fight+OR+demand+OR+disapprove+OR+diploma!+OR+statement+OR+memorandum)+and+hlead(Galana)+and+not+hlead(ocean+OR+navigat!+OR+nuclear+OR+%22water+cannon%22+OR+%22light+water+reactor%22+OR+%22mineral+water%22+OR+%22hold+water%22+OR+%22cold+water%22+OR+%22hot+water%22+OR+%22water+canister%22+OR+%22water+tight%22+OR+%22+water+down%22+OR+%22flood+of+refugees%22+OR+Rivera+OR+Suez+OR+Panama+OR+oil+OR+drugs+OR+%22three+gorges%22+OR+waterski+OR+watermelon+OR+dishwater+OR+waterproof+OR+%22water+resistant%22+OR+%22water+bath%22+)&pdsearchtype=SearchBox&pdtypeofsearch=searchboxclick&pdsf=&pdquerytemplateid=&pdtimeline=undefined%7Calldates&pdfromadvancedsearchpage=true&ecomp=xxLg9kk&earg=pdpsf&prid=23f3da92-673e-45a2-9b9e-22ed73f58158
A96: GLOK | B96: Golok | C96: Rachel | D96: Y (15 July 2022) | E96: 15 July 2022 - 15 March 2024 | F96: Y | G96: GLOK_excel.xlsx | H96: Y | I96: https://advance-lexis-com.ezproxy.library.tufts.edu/search/?pdmfid=1516831&crid=84d6780f-f1f4-46b2-9014-3bdfc9efc886&pdpsf=&pdpost=&pdstartin=urn%3Ahlct%3A16&pdsearchterms=hlead(*water*+OR+river*+OR+lake+OR+dam+OR+stream+OR+tributary+OR+diversion+OR+irrigation+OR+pollution+OR+water+quality+OR+flood!+OR+drought!+OR+channel+OR+canal+OR+hydroelect!+OR+reservoir+OR+groundwater+OR+aquifer+OR+drought+OR+recharge+OR+%22water+table%22+OR+%22bore+hole%22)+and+hlead(treaty+OR+agree!+OR+negotiat!+OR+resolution+OR+commission+OR+secretariat+OR+joint+management+OR+basin+management+OR+peace+OR+accord+OR+%22peace+accord%22+OR+settle!+OR+cooperat!+OR+collaborat!+OR+disput!+OR+conflict!+OR+disagree!+OR+sanction!+OR+war+OR+troops+OR+%22letter+of+protest%22+OR+hostility+OR+%22shots+fired%22+OR+boycott+OR+protest!+OR+appeal+OR+intent+OR+reject+OR+threat!+OR+force+OR+coerce+OR+assault+OR+fight+OR+demand+OR+disapprove+OR+diploma!+OR+statement+OR+memorandum)+and+hlead(Golok)+and+not+hlead(ocean+OR+navigat!+OR+nuclear+OR+%22water+cannon%22+OR+%22light+water+reactor%22+OR+%22mineral+water%22+OR+%22hold+water%22+OR+%22cold+water%22+OR+%22hot+water%22+OR+%22water+canister%22+OR+%22water+tight%22+OR+%22+water+down%22+OR+%22flood+of+refugees%22+OR+Rivera+OR+Suez+OR+Panama+OR+oil+OR+drugs+OR+%22three+gorges%22+OR+waterski+OR+watermelon+OR+dishwater+OR+waterproof+OR+%22water+resistant%22+OR+%22water+bath%22+)&pdsearchtype=SearchBox&pdtypeofsearch=searchboxclick&pdsf=&pdquerytemplateid=&pdtimeline=undefined%7Calldates&pdfromadvancedsearchpage=true&ecomp=xxLg9kk&earg=pdpsf&prid=23f3da92-673e-45a2-9b9e-22ed73f58158
A97: GOSR | B97: Goascoran | C97: Rachel | D97: Y (15 July 2022) | E97: 15 July 2022 - 15 March 2024 | F97: Y | G97: GOSR_excel.xlsx | H97: Y | I97: https://advance-lexis-com.ezproxy.library.tufts.edu/search/?pdmfid=1516831&crid=3f155370-8b84-4025-99ad-2af56163d96d&pdpsf=&pdpost=&pdstartin=urn%3Ahlct%3A16&pdsearchterms=hlead(*water*+OR+river*+OR+lake+OR+dam+OR+stream+OR+tributary+OR+diversion+OR+irrigation+OR+pollution+OR+water+quality+OR+flood!+OR+drought!+OR+channel+OR+canal+OR+hydroelect!+OR+reservoir+OR+groundwater+OR+aquifer+OR+drought+OR+recharge+OR+%22water+table%22+OR+%22bore+hole%22)+and+hlead(treaty+OR+agree!+OR+negotiat!+OR+resolution+OR+commission+OR+secretariat+OR+joint+management+OR+basin+management+OR+peace+OR+accord+OR+%22peace+accord%22+OR+settle!+OR+cooperat!+OR+collaborat!+OR+disput!+OR+conflict!+OR+disagree!+OR+sanction!+OR+war+OR+troops+OR+%22letter+of+protest%22+OR+hostility+OR+%22shots+fired%22+OR+boycott+OR+protest!+OR+appeal+OR+intent+OR+reject+OR+threat!+OR+force+OR+coerce+OR+assault+OR+fight+OR+demand+OR+disapprove+OR+diploma!+OR+statement+OR+memorandum)+and+hlead(Goascoran)+and+not+hlead(ocean+OR+navigat!+OR+nuclear+OR+%22water+cannon%22+OR+%22light+water+reactor%22+OR+%22mineral+water%22+OR+%22hold+water%22+OR+%22cold+water%22+OR+%22hot+water%22+OR+%22water+canister%22+OR+%22water+tight%22+OR+%22+water+down%22+OR+%22flood+of+refugees%22+OR+Rivera+OR+Suez+OR+Panama+OR+oil+OR+drugs+OR+%22three+gorges%22+OR+waterski+OR+watermelon+OR+dishwater+OR+waterproof+OR+%22water+resistant%22+OR+%22water+bath%22+)&pdsearchtype=SearchBox&pdtypeofsearch=searchboxclick&pdsf=&pdquerytemplateid=&pdtimeline=undefined%7Calldates&pdfromadvancedsearchpage=true&ecomp=xxLg9kk&earg=pdpsf&prid=23f3da92-673e-45a2-9b9e-22ed73f58158
A98: GRON | B98: Garonne | C98: Molly | D98: N | E98: Update Sheet to 15 March 2024 | F98: Y | G98: GRON_excel.xlsx | I98: https://advance-lexis-com.ezproxy.library.tufts.edu/search/?pdmfid=1516831&crid=94b1f816-1e50-4727-87c7-b3de1d7b0393&pdpsf=&pdpost=&pdstartin=urn%3Ahlct%3A16&pdsearchterms=hlead(*water*+OR+river*+OR+lake+OR+dam+OR+stream+OR+tributary+OR+diversion+OR+irrigation+OR+pollution+OR+water+quality+OR+flood!+OR+drought!+OR+channel+OR+canal+OR+hydroelect!+OR+reservoir+OR+groundwater+OR+aquifer+OR+drought+OR+recharge+OR+%22water+table%22+OR+%22bore+hole%22)+and+hlead(treaty+OR+agree!+OR+negotiat!+OR+resolution+OR+commission+OR+secretariat+OR+joint+management+OR+basin+management+OR+peace+OR+accord+OR+%22peace+accord%22+OR+settle!+OR+cooperat!+OR+collaborat!+OR+disput!+OR+conflict!+OR+disagree!+OR+sanction!+OR+war+OR+troops+OR+%22letter+of+protest%22+OR+hostility+OR+%22shots+fired%22+OR+boycott+OR+protest!+OR+appeal+OR+intent+OR+reject+OR+threat!+OR+force+OR+coerce+OR+assault+OR+fight+OR+demand+OR+disapprove+OR+diploma!+OR+statement+OR+memorandum)+and+hlead(Affluent+du+Lot+OR+Agout+OR+Alrance+OR+Ariege+OR+Arrats+OR+Aveyron+OR+Bage+OR+Baise+OR+Ceret+OR+Cerou+OR+Dadou+OR+Dourdou+OR+Dropt+OR+Garonne+OR+Gelise+OR+Gers+OR+Gesse+OR+Gimone+OR+Labenede+OR+Lezert+OR+Lot+OR+Osse+OR+Save+OR+Tarn+OR+Tolerme+OR+CAPS(Touch)+OR+Truel+OR+Truyere+OR+Valescure+OR+Vebre+OR+Viaur+OR+Vioulou+OR+Ardila+OR+Campilhas+OR+Chanca+OR+Cobres+OR+Dogeba+OR+Odivelas+OR+Roxo+OR+Vale+Diogo+OR+Vascao+OR+Xarrama)+and+not+hlead(ocean+OR+navigat!+OR+nuclear+OR+%22water+cannon%22+OR+%22light+water+reactor%22+OR+%22mineral+water%22+OR+%22hold+water%22+OR+%22cold+water%22+OR+%22hot+water%22+OR+%22water+canister%22+OR+%22water+tight%22+OR+%22+water+down%22+OR+%22flood+of+refugees%22+OR+Rivera+OR+Suez+OR+Panama+OR+oil+OR+drugs+OR+%22three+gorges%22+OR+waterski+OR+watermelon+OR+dishwater+OR+waterproof+OR+%E2%80%9Cwater+resistant%E2%80%9D+OR+%E2%80%9Cwater+bath%E2%80%9D)&pdsearchtype=SearchBox&pdtypeofsearch=searchboxclick&pdsf=&pdquerytemplateid=&pdtimeline=06%2F30%2F2008to07%2F01%2F2023%7Cdatebetween&pdfromadvancedsearchpage=true&ecomp=qxLg9kk&earg=pdpsf
A99: GRYE | B99: Gruzskiy Yelanchik | C99: Rachel | D99: N | E99: Update Sheet to 15 March 2024 | F99: Need Add to 2024 | G99: No Results, No Sheet | I99: https://advance-lexis-com.ezproxy.library.tufts.edu/search/?pdmfid=1516831&crid=85ff7ff7-204f-4222-ba1c-ba1508195f0c&pdpsf=&pdpost=&pdstartin=urn%3Ahlct%3A16&pdsearchterms=hlead(*water*+OR+river*+OR+lake+OR+dam+OR+stream+OR+tributary+OR+diversion+OR+irrigation+OR+pollution+OR+water+quality+OR+flood!+OR+drought!+OR+channel+OR+canal+OR+hydroelect!+OR+reservoir+OR+groundwater+OR+aquifer+OR+drought+OR+recharge+OR+%22water+table%22+OR+%22bore+hole%22)+and+hlead(treaty+OR+agree!+OR+negotiat!+OR+resolution+OR+commission+OR+secretariat+OR+joint+management+OR+basin+management+OR+peace+OR+accord+OR+%22peace+accord%22+OR+settle!+OR+cooperat!+OR+collaborat!+OR+disput!+OR+conflict!+OR+disagree!+OR+sanction!+OR+war+OR+troops+OR+%22letter+of+protest%22+OR+hostility+OR+%22shots+fired%22+OR+boycott+OR+protest!+OR+appeal+OR+intent+OR+reject+OR+threat!+OR+force+OR+coerce+OR+assault+OR+fight+OR+demand+OR+disapprove+OR+diploma!+OR+statement+OR+memorandum)+and+hlead(Gruzskiy+Yelanchik)+and+not+hlead(ocean+OR+navigat!+OR+nuclear+OR+%22water+cannon%22+OR+%22light+water+reactor%22+OR+%22mineral+water%22+OR+%22hold+water%22+OR+%22cold+water%22+OR+%22hot+water%22+OR+%22water+canister%22+OR+%22water+tight%22+OR+%22+water+down%22+OR+%22flood+of+refugees%22+OR+Rivera+OR+Suez+OR+Panama+OR+oil+OR+drugs+OR+%22three+gorges%22+OR+waterski+OR+watermelon+OR+dishwater+OR+waterproof+OR+“water+resistant”+OR+“water+bath”+)&pdsearchtype=SearchBox&pdtypeofsearch=searchboxclick&pdsf=&pdquerytemplateid=&pdtimeline=undefined%7Calldates&pdfromadvancedsearchpage=true&ecomp=qxLg9kk&earg=pdpsf&prid=957e6eea-1dfb-4eff-b3a6-3d2c7c77fbac | J99: *No Results for Search
A100: GSCR | B100: Great Scarcies | C100: Selena | D100: N | E100: Update Sheet to 15 March 2024 | F100: Y | G100: GSCR_excel.xlsx | H100: Y | I100: https://advance-lexis-com.ezproxy.library.tufts.edu/search/?pdmfid=1516831&crid=0f78b520-0c71-424e-a2c8-2bd554a2f4b0&pdpsf=&pdpost=&pdstartin=urn%3Ahlct%3A16&pdsearchterms=hlead(*water*+OR+river*+OR+lake+OR+dam+OR+stream+OR+tributary+OR+diversion+OR+irrigation+OR+pollution+OR+water+quality+OR+flood!+OR+drought!+OR+channel+OR+canal+OR+hydroelect!+OR+reservoir+OR+groundwater+OR+aquifer+OR+drought+OR+recharge+OR+%22water+table%22+OR+%22bore+hole%22)+and+hlead(treaty+OR+agree!+OR+negotiat!+OR+resolution+OR+commission+OR+secretariat+OR+joint+management+OR+basin+management+OR+peace+OR+accord+OR+%22peace+accord%22+OR+settle!+OR+cooperat!+OR+collaborat!+OR+disput!+OR+conflict!+OR+disagree!+OR+sanction!+OR+war+OR+troops+OR+%22letter+of+protest%22+OR+hostility+OR+%22shots+fired%22+OR+boycott+OR+protest!+OR+appeal+OR+intent+OR+reject+OR+threat!+OR+force+OR+coerce+OR+assault+OR+fight+OR+demand+OR+disapprove+OR+diploma!+OR+statement+OR+memorandum)+and+hlead(CAPS(Great)+Scarcies)+and+not+hlead(ocean+OR+navigat!+OR+nuclear+OR+%22water+cannon%22+OR+%22light+water+reactor%22+OR+%22mineral+water%22+OR+%22hold+water%22+OR+%22cold+water%22+OR+%22hot+water%22+OR+%22water+canister%22+OR+%22water+tight%22+OR+%22+water+down%22+OR+%22flood+of+refugees%22+OR+Rivera+OR+Suez+OR+Panama+OR+oil+OR+drugs+OR+%22three+gorges%22+OR+waterski+OR+watermelon+OR+dishwater+OR+waterproof+OR+%E2%80%9Cwater+resistant%E2%80%9D+OR+%E2%80%9Cwater+bath%E2%80%9D+)&pdsearchtype=SearchBox&pdtypeofsearch=searchboxclick&pdsf=&pdquerytemplateid=&pdtimeline=undefined%7Calldates&pdfromadvancedsearchpage=true&ecomp=qxLg9kk&earg=pdpsf&prid=3c84cd28-db4f-4118-821f-7d4f84b30330
A101: GUDN | B101: Guadiana | C101: Rachel | D101: Y (15 July 2022) | E101: 15 July 2022 - 15 March 2024 | F101: Y | G101: GUDN_excel.xlsx | H101: Y | I101: https://advance-lexis-com.ezproxy.library.tufts.edu/search/?pdmfid=1516831&crid=5045584b-918d-4201-8ae2-7431ad0b56d7&pdpsf=&pdpost=&pdstartin=urn%3Ahlct%3A16&pdsearchterms=hlead(*water*+OR+river*+OR+lake+OR+dam+OR+stream+OR+tributary+OR+diversion+OR+irrigation+OR+pollution+OR+water+quality+OR+flood!+OR+drought!+OR+channel+OR+canal+OR+hydroelect!+OR+reservoir+OR+groundwater+OR+aquifer+OR+drought+OR+recharge+OR+%22water+table%22+OR+%22bore+hole%22)+and+hlead(treaty+OR+agree!+OR+negotiat!+OR+resolution+OR+commission+OR+secretariat+OR+joint+management+OR+basin+management+OR+peace+OR+accord+OR+%22peace+accord%22+OR+settle!+OR+cooperat!+OR+collaborat!+OR+disput!+OR+conflict!+OR+disagree!+OR+sanction!+OR+war+OR+troops+OR+%22letter+of+protest%22+OR+hostility+OR+%22shots+fired%22+OR+boycott+OR+protest!+OR+appeal+OR+intent+OR+reject+OR+threat!+OR+force+OR+coerce+OR+assault+OR+fight+OR+demand+OR+disapprove+OR+diploma!+OR+statement+OR+memorandum)+and+hlead(Guadiana)+and+not+hlead(ocean+OR+navigat!+OR+nuclear+OR+%22water+cannon%22+OR+%22light+water+reactor%22+OR+%22mineral+water%22+OR+%22hold+water%22+OR+%22cold+water%22+OR+%22hot+water%22+OR+%22water+canister%22+OR+%22water+tight%22+OR+%22+water+down%22+OR+%22flood+of+refugees%22+OR+Rivera+OR+Suez+OR+Panama+OR+oil+OR+drugs+OR+%22three+gorges%22+OR+waterski+OR+watermelon+OR+dishwater+OR+waterproof+OR+%22water+resistant%22+OR+%22water+bath%22+)&pdsearchtype=SearchBox&pdtypeofsearch=searchboxclick&pdsf=&pdquerytemplateid=&pdtimeline=undefined%7Calldates&pdfromadvancedsearchpage=true&ecomp=xxLg9kk&earg=pdpsf&prid=23f3da92-673e-45a2-9b9e-22ed73f58158
...

Sheet Selena Automation Tracking
A1: BCODE | B1: Basin_Name | C1: Downloaded? | D1: Excel status sheet created | E1: Excel status in csv | F1: PDF status sheet created | G1: PDF status in csv | H1: in Git | I1: Basin Class (URL/search) | J1: Excel results downloaded | K1: PDF results downloaded | L1: URL
